addit_train_data_size,addit_train_data_acc,addit_train_data_f1,all_graph_acc,all_graph_f1,cc_distribution,small_cc,large_cc,bridges,wrong_bridges,cuts,wrong_cuts,heatmap
,,,,,,,,,,,,
,,,,,,,,,,,,
,,,,,,,,,,,,
,,,,,,,,,,,,
,,,,,,,,,,,,
,,,,,,,,,,,,
,,,,,,,,,,,,
,,,,,,,,,,,,
,,,,,,,,,,,,
,,,,,,,,,,,,
,,,,,,,,,,,,
,,,,,,,,,,,,
,,,,,,,,,,,,
,,,,,,,,,,,,
,,,,,,,,,,,,
,,,,,,,,,,,,
,,,,,,,,,,,,
,,,,,,,,,,,,
,,,,,,,,,,,,
,,,,,,,,,,,,
,,,,,,,,,,,,
256483,0.9929858899030345,0.9115318416523235,0.992,0.901,"Counter({2: 1384, 3: 739, 4: 384, 5: 363, 6: 17, 7: 12, 17: 2, 9: 2, 8: 1, 12: 1, 10: 1})",2870,36,4,0,0,0,
256654,0.9918216743163948,0.8953795544036286,0.991,0.889,"Counter({2: 1383, 3: 687, 4: 367, 5: 352, 6: 16, 7: 10, 8: 3, 11: 2, 10: 1})",2789,32,7,0,0,0,
256117,0.992768929825041,0.9075017480771151,0.991,0.89,"Counter({2: 1378, 3: 735, 4: 385, 5: 354, 6: 22, 7: 15, 8: 6, 9: 3, 26: 1, 18: 1, 10: 1, 19: 1, 12: 1})",2852,51,9,0,0,0,
255209,0.9931115281984569,0.9096701264001644,0.99,0.88,"Counter({2: 1349, 3: 752, 4: 397, 5: 352, 6: 47, 7: 22, 8: 13, 11: 3, 9: 2, 51: 1, 17: 1, 13: 1, 24: 1, 15: 1, 18: 1, 22: 1, 16: 1, 27: 1})",2850,96,17,0,0,0,
255297,0.9924245094928652,0.8998653826240034,0.989,0.877,"Counter({2: 1388, 3: 736, 4: 387, 5: 354, 6: 41, 7: 30, 8: 16, 9: 5, 12: 4, 11: 2, 15: 2, 75: 1, 13: 1, 22: 1, 10: 1, 14: 1})",2865,105,14,0,0,0,
255153,0.9932197544218567,0.912057747051647,0.989,0.876,"Counter({2: 1403, 3: 731, 4: 407, 5: 355, 6: 27, 7: 26, 8: 11, 9: 6, 11: 3, 13: 2, 10: 2, 16: 2, 44: 1, 55: 1, 12: 1, 18: 1, 14: 1, 15: 1})",2896,85,21,0,0,0,
253414,0.9936822748545858,0.916173621655584,0.985,0.842,"Counter({2: 1395, 3: 742, 4: 421, 5: 361, 6: 55, 7: 32, 8: 20, 9: 12, 10: 7, 12: 3, 14: 3, 13: 2, 15: 2, 64: 1, 100: 1, 17: 1, 18: 1, 21: 1, 63: 1, 11: 1})",2919,143,40,0,1,0,
253376,0.9931090553169992,0.9086437840100459,0.983,0.821,"Counter({2: 1338, 3: 683, 4: 412, 5: 344, 6: 53, 7: 24, 8: 5, 9: 5, 13: 3, 12: 3, 15: 2, 10: 2, 50: 1, 69: 1, 11: 1, 62: 1, 86: 1, 17: 1, 18: 1, 1: 1, 20: 1})",2778,105,18,0,2,2,
253458,0.9933164469063908,0.911734055856607,0.984,0.831,"Counter({2: 1447, 3: 772, 4: 406, 5: 337, 6: 44, 7: 24, 8: 16, 10: 6, 11: 5, 9: 5, 13: 2, 12: 2, 87: 1, 71: 1, 23: 1, 77: 1, 53: 1, 18: 1, 14: 1})",2962,111,35,0,0,0,
251147,0.9942941783099141,0.9221322610443949,0.979,0.794,"Counter({2: 1413, 3: 748, 4: 406, 5: 351, 6: 65, 7: 51, 8: 22, 9: 11, 11: 6, 12: 5, 13: 4, 14: 3, 10: 3, 16: 2, 29: 2, 17: 2, 15: 2, 87: 1, 36: 1, 49: 1, 43: 1, 102: 1, 64: 1, 39: 1, 1: 1, 22: 1})",2919,186,49,0,2,2,
247786,0.9938374242289718,0.8989611592668564,0.972,0.748,"Counter({2: 1226, 3: 628, 4: 383, 5: 288, 6: 100, 7: 52, 8: 41, 9: 25, 11: 13, 10: 12, 13: 11, 15: 10, 14: 5, 21: 4, 19: 4, 17: 4, 12: 4, 18: 3, 22: 3, 16: 2, 28: 2, 25: 2, 174: 1, 129: 1, 32: 1, 41: 1, 59: 1, 106: 1, 89: 1, 65: 1, 38: 1, 63: 1, 50: 1, 30: 1, 20: 1, 62: 1, 24: 1, 31: 1, 27: 1, 35: 1})",2525,315,120,0,2,0,
245312,0.9941584594312549,0.8986204457021578,0.965,0.703,"Counter({2: 1209, 3: 588, 4: 347, 5: 274, 6: 79, 7: 58, 8: 38, 9: 21, 11: 15, 13: 15, 10: 14, 12: 13, 16: 9, 17: 7, 19: 5, 15: 4, 14: 4, 24: 2, 25: 2, 37: 2, 34: 2, 21: 2, 20: 2, 223: 1, 686: 1, 157: 1, 32: 1, 27: 1, 82: 1, 192: 1, 36: 1, 35: 1, 18: 1, 40: 1, 84: 1, 29: 1, 22: 1, 31: 1, 45: 1, 1: 1})",2419,310,144,0,3,2,
250144,0.9947310349238838,0.9264837126282909,0.977,0.778,"Counter({2: 1377, 3: 706, 4: 420, 5: 344, 6: 68, 7: 44, 8: 34, 10: 14, 12: 12, 9: 12, 11: 8, 13: 7, 14: 5, 18: 3, 16: 3, 22: 2, 21: 2, 20: 2, 1: 2, 99: 1, 45: 1, 119: 1, 65: 1, 23: 1, 17: 1, 15: 1, 28: 1})",2849,224,57,0,3,2,
248589,0.9944446455796515,0.9189886783598287,0.972,0.751,"Counter({2: 1381, 3: 698, 4: 424, 5: 321, 6: 80, 7: 40, 8: 33, 9: 24, 10: 17, 11: 10, 17: 6, 12: 6, 15: 6, 14: 5, 18: 5, 13: 3, 16: 2, 22: 2, 20: 2, 19: 1, 202: 1, 110: 1, 33: 1, 25: 1, 44: 1, 24: 1, 131: 1, 35: 1, 40: 1, 23: 1, 31: 1, 28: 1, 21: 1, 1: 1})",2825,255,93,0,5,0,
249937,0.9948907124595397,0.9287269074063738,0.976,0.777,"Counter({2: 1414, 3: 727, 4: 428, 5: 339, 6: 68, 7: 51, 8: 36, 10: 15, 9: 15, 12: 10, 11: 6, 13: 5, 17: 2, 16: 2, 18: 2, 21: 2, 143: 1, 29: 1, 95: 1, 87: 1, 44: 1, 58: 1, 33: 1, 27: 1, 23: 1, 15: 1, 19: 1, 1: 1})",2909,225,51,0,7,1,
251974,0.9946026177304007,0.9270855672313961,0.982,0.821,"Counter({2: 1438, 3: 748, 4: 438, 5: 352, 6: 69, 7: 40, 8: 21, 9: 10, 12: 9, 11: 7, 10: 7, 14: 5, 13: 4, 20: 2, 17: 2, 26: 1, 100: 1, 57: 1, 63: 1, 47: 1, 86: 1, 15: 1})",2976,183,55,0,1,0,
251545,0.9951181697111848,0.9344227277581971,0.981,0.81,"Counter({2: 1462, 3: 753, 4: 416, 5: 349, 6: 69, 7: 32, 8: 26, 9: 17, 11: 7, 10: 6, 12: 5, 16: 4, 15: 3, 13: 3, 14: 2, 43: 1, 60: 1, 18: 1, 97: 1, 61: 1, 26: 1, 28: 1, 17: 1, 20: 1})",2980,183,36,0,3,0,
251360,0.9950588796944622,0.9336821870995301,0.98,0.803,"Counter({2: 1468, 3: 742, 4: 411, 5: 351, 6: 57, 7: 44, 8: 27, 9: 16, 11: 7, 10: 6, 13: 6, 15: 5, 12: 4, 18: 2, 16: 2, 42: 1, 56: 1, 17: 1, 67: 1, 105: 1, 20: 1, 30: 1, 14: 1, 1: 1})",2973,184,39,0,3,2,
250499,0.9948462868115242,0.9301369121705719,0.977,0.782,"Counter({2: 1446, 3: 724, 4: 420, 5: 355, 6: 75, 7: 32, 8: 25, 9: 11, 11: 7, 13: 7, 10: 7, 12: 6, 15: 5, 16: 4, 14: 4, 17: 2, 18: 2, 19: 2, 23: 1, 96: 1, 39: 1, 75: 1, 103: 1, 21: 1, 37: 1, 1: 1})",2946,196,46,0,5,0,
252130,0.9953198746678301,0.9384069318300448,0.982,0.821,"Counter({2: 1465, 3: 759, 4: 420, 5: 357, 6: 60, 7: 33, 8: 22, 9: 10, 12: 5, 10: 5, 11: 5, 13: 3, 17: 2, 45: 2, 14: 2, 16: 2, 15: 2, 34: 1, 68: 1, 95: 1, 20: 1})",3001,157,39,0,2,0,
249282,0.9950658290610633,0.9310074040834643,0.974,0.763,"Counter({2: 1435, 3: 689, 4: 418, 5: 348, 6: 75, 7: 44, 8: 32, 9: 13, 12: 11, 10: 9, 11: 8, 15: 6, 13: 4, 18: 3, 21: 3, 24: 3, 16: 3, 23: 2, 20: 2, 25: 2, 54: 1, 114: 1, 17: 1, 19: 1, 22: 1, 71: 1, 110: 1, 29: 1, 14: 1, 34: 1, 1: 1})",2891,230,64,0,3,2,
250591,0.9954268110187516,0.9382143627345265,0.978,0.792,"Counter({2: 1422, 3: 747, 4: 426, 5: 358, 6: 63, 7: 48, 8: 22, 9: 12, 10: 11, 12: 8, 11: 6, 13: 5, 18: 3, 14: 3, 16: 2, 21: 2, 118: 1, 23: 1, 20: 1, 22: 1, 43: 1, 70: 1, 102: 1, 19: 1, 31: 1, 17: 1, 1: 1})",2954,195,57,0,3,2,
249986,0.9951837302888962,0.9335760785611827,0.976,0.779,"Counter({2: 1424, 3: 716, 4: 426, 5: 346, 6: 81, 7: 41, 8: 31, 9: 14, 11: 13, 14: 8, 10: 8, 12: 7, 13: 5, 15: 4, 18: 3, 19: 3, 17: 2, 27: 2, 20: 1, 117: 1, 25: 1, 71: 1, 114: 1, 22: 1, 1: 1})",2913,228,74,0,3,2,
249847,0.9951370238586015,0.93255620316403,0.976,0.774,"Counter({2: 1443, 3: 723, 4: 412, 5: 335, 6: 83, 7: 44, 8: 30, 9: 12, 11: 11, 10: 9, 13: 7, 14: 6, 16: 5, 15: 3, 12: 2, 17: 2, 18: 1, 53: 1, 215: 1, 20: 1, 22: 1, 71: 1, 25: 1, 49: 1, 21: 1, 24: 1, 1: 1, 19: 1})",2914,225,59,0,4,2,
250996,0.9954023171684011,0.9390707497360085,0.978,0.793,"Counter({2: 1469, 3: 747, 4: 421, 5: 353, 6: 65, 7: 30, 8: 25, 10: 12, 9: 11, 11: 8, 12: 7, 14: 4, 19: 3, 22: 2, 15: 2, 13: 2, 18: 1, 28: 1, 43: 1, 58: 1, 70: 1, 109: 1, 16: 1, 1: 1})",2991,178,36,0,8,0,
251338,0.995563742848276,0.9408895721783386,0.98,0.808,"Counter({2: 1452, 3: 757, 4: 426, 5: 351, 6: 64, 7: 39, 8: 25, 9: 13, 11: 8, 10: 7, 12: 6, 14: 3, 13: 3, 18: 2, 20: 2, 1: 2, 17: 1, 26: 1, 95: 1, 19: 1, 65: 1, 102: 1, 16: 1, 15: 1})",2988,180,39,0,9,2,
251087,0.9952645895645732,0.9369932700969742,0.979,0.795,"Counter({2: 1455, 3: 751, 4: 425, 5: 350, 6: 60, 7: 38, 8: 19, 9: 14, 10: 12, 11: 7, 12: 6, 15: 4, 13: 3, 18: 2, 22: 2, 16: 2, 24: 2, 1: 2, 43: 1, 39: 1, 19: 1, 44: 1, 70: 1, 104: 1})",2983,177,38,0,10,6,
251434,0.995195558277719,0.9366145450729352,0.979,0.8,"Counter({2: 1450, 3: 749, 4: 418, 5: 355, 6: 51, 7: 36, 8: 23, 11: 10, 9: 10, 10: 9, 12: 6, 14: 4, 19: 3, 13: 3, 22: 2, 1: 2, 15: 2, 41: 1, 34: 1, 69: 1, 17: 1, 103: 1, 16: 1, 26: 1, 18: 1})",2974,167,30,0,10,6,
252819,0.9953207630755599,0.9390614536650698,0.984,0.84,"Counter({2: 1519, 3: 771, 4: 434, 5: 353, 6: 66, 7: 26, 8: 14, 9: 9, 10: 9, 11: 6, 12: 4, 13: 2, 16: 2, 77: 1, 15: 1, 60: 1, 85: 1, 27: 1, 14: 1, 1: 1})",3078,144,43,0,6,0,
252445,0.9954920873853711,0.9412978438048075,0.983,0.83,"Counter({2: 1498, 3: 764, 4: 421, 5: 363, 6: 52, 7: 31, 8: 20, 9: 12, 11: 9, 10: 6, 16: 3, 13: 2, 17: 1, 97: 1, 21: 1, 63: 1, 90: 1, 25: 1, 12: 1, 1: 1, 14: 1})",3047,143,32,0,8,0,
252585,0.9959696735752321,0.9479869200899245,0.984,0.841,"Counter({2: 1514, 3: 785, 4: 437, 5: 368, 6: 69, 7: 28, 8: 16, 9: 6, 13: 5, 10: 5, 11: 4, 16: 2, 53: 2, 15: 1, 49: 1, 68: 1, 98: 1, 1: 1})",3105,141,45,0,5,0,
252295,0.995418062189104,0.9401780169737114,0.982,0.824,"Counter({2: 1480, 3: 771, 4: 440, 5: 347, 6: 44, 7: 34, 8: 15, 9: 12, 10: 10, 15: 4, 12: 3, 13: 3, 20: 2, 11: 2, 52: 1, 42: 1, 46: 1, 17: 1, 14: 1, 66: 1, 92: 1, 1: 1})",3039,136,34,0,7,0,
252178,0.9953168000380683,0.9392208326900314,0.982,0.819,"Counter({2: 1510, 3: 779, 4: 415, 5: 362, 6: 50, 7: 34, 8: 24, 9: 9, 12: 6, 10: 5, 11: 5, 18: 2, 15: 2, 14: 2, 26: 1, 42: 1, 43: 1, 19: 1, 67: 1, 97: 1, 16: 1, 1: 1, 13: 1})",3067,147,35,0,10,4,
254029,0.9960831243676903,0.9508277736595009,0.988,0.875,"Counter({2: 1516, 3: 804, 4: 444, 5: 375, 6: 43, 7: 24, 8: 9, 10: 5, 9: 4, 11: 3, 12: 2, 13: 2, 26: 1, 30: 1, 42: 1, 62: 1, 60: 1, 16: 1})",3139,98,32,0,1,0,
253600,0.995839905362776,0.9470833124341677,0.987,0.859,"Counter({2: 1535, 3: 790, 4: 423, 5: 363, 6: 48, 7: 25, 8: 9, 10: 4, 11: 4, 9: 4, 13: 2, 16: 2, 14: 1, 20: 1, 25: 1, 30: 1, 12: 1, 65: 1, 88: 1, 1: 1})",3112,105,23,0,5,0,
254436,0.9958653649640774,0.9477344992050875,0.989,0.886,"Counter({2: 1532, 3: 801, 4: 437, 5: 359, 6: 50, 7: 20, 8: 12, 12: 4, 10: 3, 11: 3, 9: 3, 13: 2, 20: 1, 29: 1, 59: 1, 56: 1})",3129,101,24,0,1,0,
254063,0.9958081263308707,0.9469700741921029,0.988,0.877,"Counter({2: 1500, 3: 786, 4: 435, 5: 382, 6: 51, 7: 21, 8: 11, 10: 6, 9: 5, 11: 3, 16: 2, 25: 1, 65: 1, 62: 1, 42: 1, 12: 1, 15: 1, 20: 1, 14: 1, 13: 1})",3103,108,30,0,1,0,
254091,0.9954150284740506,0.9415717939716133,0.988,0.876,"Counter({2: 1526, 3: 778, 4: 432, 5: 379, 6: 57, 7: 20, 8: 12, 11: 6, 9: 4, 12: 4, 10: 3, 16: 2, 13: 2, 27: 1, 93: 1, 15: 1, 26: 1, 18: 1, 19: 1, 14: 1, 17: 1})",3115,118,32,0,1,0,
252263,0.9950567463322009,0.9339267736978754,0.983,0.829,"Counter({2: 1479, 3: 732, 4: 431, 5: 350, 6: 81, 7: 22, 9: 14, 10: 8, 8: 8, 13: 6, 12: 5, 11: 4, 16: 3, 14: 3, 27: 2, 19: 2, 20: 2, 188: 1, 24: 1, 44: 1, 23: 1, 18: 1})",2992,165,52,0,2,0,
253415,0.995406743878618,0.9405940594059407,0.986,0.858,"Counter({2: 1512, 3: 764, 4: 427, 5: 368, 6: 56, 7: 24, 8: 10, 9: 6, 10: 6, 11: 5, 12: 5, 13: 3, 16: 3, 17: 3, 14: 2, 30: 1, 29: 1, 114: 1, 32: 1, 27: 1, 18: 1, 20: 1})",3071,130,39,0,1,0,
253849,0.9955721708574783,0.9427640289235156,0.988,0.874,"Counter({2: 1516, 3: 783, 4: 436, 5: 355, 6: 54, 7: 25, 8: 14, 9: 7, 10: 6, 11: 5, 13: 4, 14: 2, 12: 2, 15: 2, 80: 1, 26: 1, 88: 1, 34: 1, 16: 1, 20: 1, 18: 1})",3090,128,27,0,0,0,
254416,0.9961205270108798,0.9512953367875648,0.99,0.89,"Counter({2: 1565, 3: 798, 4: 428, 5: 383, 6: 41, 7: 24, 8: 10, 10: 4, 9: 4, 12: 4, 11: 3, 13: 3, 23: 1, 25: 1, 33: 1, 62: 1, 31: 1, 20: 1, 14: 1})",3174,100,27,0,1,0,
254053,0.9960441325235285,0.9503384889064586,0.988,0.876,"Counter({2: 1555, 3: 787, 4: 421, 5: 388, 6: 45, 7: 18, 8: 10, 9: 6, 11: 4, 13: 4, 28: 1, 25: 1, 64: 1, 62: 1, 16: 1, 49: 1, 12: 1, 14: 1, 15: 1, 10: 1})",3151,97,32,0,1,0,
254370,0.9955497896764556,0.9439381933438985,0.989,0.88,"Counter({2: 1555, 3: 761, 4: 425, 5: 384, 6: 40, 7: 22, 8: 9, 10: 5, 9: 4, 12: 3, 11: 3, 18: 2, 26: 1, 24: 1, 36: 1, 59: 1, 23: 1, 16: 1, 17: 1, 13: 1, 14: 1, 1: 1})",3126,97,28,0,2,0,
253909,0.9962703173184093,0.953079324183719,0.988,0.873,"Counter({2: 1544, 3: 789, 4: 422, 5: 379, 6: 42, 7: 24, 8: 10, 10: 5, 11: 5, 9: 4, 12: 3, 32: 1, 21: 1, 68: 1, 63: 1, 60: 1, 13: 1, 1: 1})",3135,99,26,0,2,0,
254248,0.9965230798275699,0.9566156262269336,0.989,0.885,"Counter({2: 1539, 3: 811, 4: 439, 5: 374, 6: 42, 7: 26, 8: 6, 9: 3, 10: 3, 12: 2, 11: 2, 23: 1, 26: 1, 24: 1, 36: 1, 61: 1, 67: 1, 1: 1})",3164,90,25,0,1,0,
253606,0.9961988281034361,0.9521588089330025,0.987,0.865,"Counter({2: 1530, 3: 787, 4: 430, 5: 386, 6: 43, 7: 23, 8: 11, 11: 7, 9: 5, 10: 3, 12: 2, 14: 2, 27: 1, 29: 1, 24: 1, 114: 1, 15: 1, 62: 1, 20: 1})",3133,103,16,0,0,0,
254082,0.99612329877756,0.9509730725200339,0.989,0.881,"Counter({2: 1562, 3: 769, 4: 424, 5: 384, 6: 45, 7: 25, 8: 10, 10: 5, 9: 5, 11: 5, 15: 3, 18: 3, 13: 3, 37: 1, 36: 1, 14: 1, 60: 1, 23: 1, 16: 1, 22: 1})",3139,111,26,0,0,0,
253108,0.9960491173728211,0.9496475327291037,0.985,0.851,"Counter({2: 1565, 3: 769, 4: 418, 5: 376, 6: 53, 7: 26, 8: 10, 9: 7, 10: 6, 11: 4, 15: 3, 12: 3, 37: 1, 22: 1, 84: 1, 65: 1, 69: 1, 18: 1, 14: 1, 16: 1, 13: 1})",3128,121,29,0,2,0,
253954,0.9959402096442663,0.948478336914697,0.988,0.876,"Counter({2: 1556, 3: 793, 4: 421, 5: 377, 6: 44, 7: 26, 8: 10, 10: 5, 11: 5, 9: 5, 12: 4, 17: 2, 1: 2, 35: 1, 46: 1, 27: 1, 62: 1, 54: 1, 13: 1})",3149,107,19,0,3,0,
253208,0.9962402451739282,0.9516014234875444,0.987,0.861,"Counter({2: 1516, 3: 787, 4: 421, 5: 375, 6: 57, 7: 28, 8: 12, 10: 10, 9: 5, 13: 4, 17: 2, 11: 2, 15: 2, 99: 1, 16: 1, 46: 1, 56: 1, 22: 1, 62: 1, 14: 1, 24: 1, 1: 1})",3100,130,32,0,3,0,
253979,0.9966650786088613,0.9579464773347898,0.989,0.883,"Counter({2: 1531, 3: 816, 4: 416, 5: 381, 6: 47, 7: 29, 8: 11, 10: 5, 9: 5, 11: 3, 12: 2, 34: 1, 17: 1, 27: 1, 40: 1, 60: 1, 56: 1, 18: 1, 16: 1})",3144,110,22,0,0,0,
253016,0.9962927245707781,0.9522937646221137,0.986,0.858,"Counter({2: 1533, 3: 783, 4: 432, 5: 375, 6: 61, 7: 28, 8: 16, 9: 8, 10: 7, 11: 4, 12: 4, 17: 2, 14: 2, 1: 2, 37: 1, 25: 1, 59: 1, 20: 1, 63: 1, 32: 1, 64: 1, 15: 1})",3125,140,23,0,2,0,
252731,0.9964507717691933,0.9540306462358428,0.985,0.852,"Counter({2: 1501, 3: 792, 4: 427, 5: 369, 6: 55, 7: 31, 8: 21, 10: 7, 9: 6, 16: 3, 13: 3, 1: 3, 14: 2, 11: 2, 40: 1, 26: 1, 88: 1, 12: 1, 65: 1, 15: 1, 84: 1, 24: 1, 21: 1})",3092,139,33,0,3,0,
252818,0.9962384007467823,0.9508654094549213,0.986,0.856,"Counter({2: 1484, 3: 801, 4: 424, 5: 366, 6: 59, 7: 42, 8: 22, 10: 9, 9: 5, 11: 5, 12: 4, 16: 2, 61: 2, 13: 2, 37: 1, 24: 1, 20: 1, 17: 1, 29: 1, 70: 1, 14: 1, 1: 1})",3076,159,32,0,4,1,
251992,0.9960871773707102,0.9471256971256972,0.984,0.842,"Counter({2: 1486, 3: 777, 4: 421, 5: 347, 6: 75, 7: 38, 8: 22, 9: 9, 10: 8, 11: 7, 12: 5, 13: 5, 14: 3, 16: 2, 62: 2, 15: 2, 1: 2, 136: 1, 25: 1, 68: 1, 42: 1, 18: 1, 19: 1, 17: 1, 37: 1})",3033,186,45,0,3,0,
253068,0.9960801049520287,0.9489921842863019,0.987,0.863,"Counter({2: 1494, 3: 776, 4: 440, 5: 376, 6: 63, 7: 37, 8: 17, 11: 6, 9: 6, 13: 4, 16: 3, 10: 3, 12: 2, 15: 2, 14: 2, 1: 2, 39: 1, 55: 1, 20: 1, 17: 1, 63: 1, 81: 1, 22: 1})",3088,152,39,0,3,0,
249576,0.9957327627656506,0.9349061793288919,0.979,0.797,"Counter({2: 1334, 3: 674, 4: 386, 5: 299, 6: 76, 7: 40, 8: 26, 9: 14, 11: 12, 10: 11, 18: 6, 23: 5, 12: 5, 16: 3, 31: 3, 19: 3, 15: 2, 13: 2, 14: 2, 21: 2, 17: 2, 1: 2, 137: 1, 22: 1, 113: 1, 138: 1, 88: 1, 77: 1, 48: 1, 46: 1, 116: 1, 49: 1, 32: 1, 74: 1, 40: 1, 45: 1, 29: 1, 37: 1, 20: 1, 42: 1})",2695,232,65,0,5,0,
253358,0.9964319263650645,0.9539995929167515,0.988,0.871,"Counter({2: 1532, 3: 804, 4: 431, 5: 366, 6: 64, 7: 25, 8: 15, 10: 7, 9: 7, 11: 5, 16: 4, 12: 3, 14: 2, 1: 2, 31: 1, 21: 1, 116: 1, 13: 1, 68: 1})",3135,137,30,0,4,0,
252689,0.9960109066876675,0.9470866141732284,0.986,0.855,"Counter({2: 1503, 3: 757, 4: 433, 5: 357, 6: 70, 7: 30, 8: 20, 11: 10, 10: 8, 12: 5, 9: 4, 16: 4, 13: 4, 14: 3, 236: 1, 56: 1, 30: 1, 36: 1, 15: 1, 1: 1})",3051,163,39,0,3,0,
254069,0.9962923457800834,0.952739313666466,0.989,0.888,"Counter({2: 1555, 3: 807, 4: 435, 5: 372, 6: 61, 7: 22, 8: 17, 12: 5, 9: 4, 10: 3, 11: 2, 1: 2, 25: 1, 112: 1, 14: 1, 32: 1, 13: 1, 16: 1, 21: 1, 15: 1})",3171,122,24,0,3,0,
251647,0.9960500224520856,0.945486453877372,0.983,0.836,"Counter({2: 1465, 3: 739, 4: 421, 5: 340, 6: 77, 7: 45, 8: 21, 9: 16, 10: 12, 11: 5, 16: 4, 12: 4, 13: 4, 14: 3, 17: 2, 20: 2, 15: 2, 1: 2, 204: 1, 23: 1, 44: 1, 30: 1, 64: 1, 47: 1, 18: 1, 19: 1, 21: 1})",2967,206,55,0,5,0,
253374,0.9959861706410287,0.9484776331121131,0.987,0.864,"Counter({2: 1487, 3: 813, 4: 419, 5: 380, 6: 61, 7: 23, 8: 15, 10: 6, 9: 4, 14: 3, 16: 2, 13: 2, 15: 2, 11: 2, 1: 2, 29: 1, 72: 1, 60: 1, 69: 1, 12: 1, 18: 1, 17: 1})",3101,127,31,0,4,0,
253049,0.9964710392058455,0.9542918564774531,0.987,0.864,"Counter({2: 1506, 3: 796, 4: 442, 5: 364, 6: 71, 7: 27, 8: 26, 9: 8, 10: 7, 11: 5, 12: 2, 16: 2, 1: 2, 17: 1, 139: 1, 63: 1, 14: 1, 13: 1, 24: 1})",3110,154,44,0,4,0,
254033,0.9963626772899584,0.953781512605042,0.989,0.889,"Counter({2: 1539, 3: 813, 4: 441, 5: 380, 6: 49, 7: 38, 8: 13, 9: 5, 10: 4, 11: 2, 12: 2, 17: 2, 1: 2, 27: 1, 26: 1, 31: 1, 60: 1, 15: 1, 14: 1, 55: 1, 13: 1})",3175,123,33,0,4,0,
252873,0.9962273552336548,0.9507587488386497,0.986,0.859,"Counter({2: 1500, 3: 783, 4: 451, 5: 358, 6: 76, 7: 37, 8: 16, 11: 6, 12: 6, 9: 5, 16: 3, 13: 3, 10: 3, 17: 2, 1: 2, 24: 1, 190: 1, 15: 1, 19: 1, 14: 1, 20: 1, 21: 1})",3094,164,49,0,5,0,
253728,0.9964647181233447,0.9546534553359285,0.989,0.882,"Counter({2: 1519, 3: 801, 4: 443, 5: 369, 6: 64, 7: 25, 8: 14, 9: 8, 12: 5, 10: 5, 11: 4, 13: 2, 18: 2, 1: 2, 16: 1, 22: 1, 76: 1, 60: 1, 14: 1, 15: 1, 20: 1, 17: 1})",3134,137,40,0,3,0,
254015,0.9964687124776096,0.9554949144132969,0.989,0.885,"Counter({2: 1531, 3: 813, 4: 457, 5: 370, 6: 60, 7: 26, 8: 11, 11: 4, 9: 4, 1: 2, 25: 1, 114: 1, 62: 1, 14: 1, 12: 1, 13: 1, 17: 1, 10: 1})",3173,113,33,0,5,0,
253013,0.9964112515957678,0.9536024527337762,0.987,0.862,"Counter({2: 1476, 3: 805, 4: 435, 5: 376, 6: 66, 7: 35, 8: 18, 9: 5, 11: 5, 10: 4, 12: 4, 13: 3, 14: 2, 1: 2, 16: 1, 22: 1, 137: 1, 76: 1, 17: 1, 24: 1, 20: 1})",3094,149,44,0,3,0,
253415,0.9962551545883235,0.95183474597777,0.988,0.872,"Counter({2: 1507, 3: 801, 4: 440, 5: 378, 6: 65, 7: 35, 8: 14, 11: 7, 9: 7, 10: 5, 14: 2, 1: 2, 15: 1, 25: 1, 64: 1, 13: 1, 60: 1, 62: 1, 12: 1, 17: 1, 16: 1})",3128,144,48,0,4,0,
253208,0.9961217655050393,0.9501725187741019,0.987,0.864,"Counter({2: 1514, 3: 798, 4: 442, 5: 378, 6: 66, 7: 35, 8: 13, 10: 6, 9: 5, 16: 3, 1: 3, 14: 2, 13: 2, 12: 2, 25: 1, 142: 1, 62: 1, 15: 1, 17: 1, 11: 1})",3135,140,41,0,8,0,
252540,0.9961748633879781,0.9495982468955442,0.985,0.851,"Counter({2: 1471, 3: 782, 4: 418, 5: 381, 6: 50, 7: 41, 8: 25, 10: 13, 9: 9, 16: 3, 14: 3, 11: 3, 13: 3, 1: 2, 15: 2, 17: 2, 98: 1, 23: 1, 27: 1, 30: 1, 55: 1, 64: 1, 25: 1, 22: 1, 12: 1, 31: 1})",3054,164,47,0,3,0,
253238,0.9964025936075944,0.953427738868156,0.987,0.87,"Counter({2: 1510, 3: 796, 4: 446, 5: 365, 6: 69, 7: 39, 8: 11, 11: 6, 9: 5, 10: 4, 13: 3, 16: 2, 12: 2, 17: 2, 34: 1, 22: 1, 24: 1, 35: 1, 63: 1, 61: 1, 18: 1, 14: 1, 15: 1, 1: 1})",3118,152,37,0,2,0,
252636,0.9961129846894347,0.9479652395082663,0.986,0.861,"Counter({2: 1473, 3: 782, 4: 428, 5: 370, 6: 82, 7: 46, 8: 18, 11: 15, 9: 10, 10: 4, 14: 4, 15: 3, 12: 2, 1: 2, 26: 1, 49: 1, 21: 1, 63: 1, 66: 1, 19: 1, 17: 1, 13: 1, 20: 1})",3055,193,54,0,4,0,
252732,0.9959878448316795,0.9471158860957547,0.986,0.856,"Counter({2: 1455, 3: 792, 4: 445, 5: 366, 6: 73, 7: 41, 8: 15, 11: 11, 9: 11, 13: 5, 10: 3, 1: 3, 17: 2, 14: 2, 12: 2, 112: 1, 21: 1, 15: 1, 59: 1, 24: 1, 16: 1, 29: 1})",3061,172,50,0,3,0,
252944,0.9960465557593776,0.948474855729596,0.986,0.862,"Counter({2: 1504, 3: 786, 4: 451, 5: 379, 6: 72, 7: 38, 8: 15, 11: 7, 10: 5, 9: 5, 14: 4, 13: 3, 17: 2, 12: 2, 34: 1, 38: 1, 62: 1, 72: 1, 18: 1, 22: 1, 27: 1, 1: 1})",3121,160,50,0,3,0,
253757,0.9963429580267736,0.9522977279736814,0.989,0.887,"Counter({2: 1481, 3: 783, 4: 442, 5: 367, 6: 72, 7: 30, 8: 15, 10: 9, 9: 6, 11: 4, 1: 3, 13: 3, 15: 1, 29: 1, 43: 1, 58: 1, 57: 1, 12: 1, 16: 1, 20: 1, 17: 1, 22: 1, 14: 1})",3076,150,45,0,4,2,
253581,0.9962418319984542,0.9513949099811293,0.989,0.881,"Counter({2: 1478, 3: 822, 4: 435, 5: 380, 6: 67, 7: 41, 8: 15, 9: 10, 10: 5, 16: 4, 11: 3, 12: 3, 13: 2, 1: 2, 50: 1, 54: 1, 55: 1, 24: 1})",3117,154,43,0,5,2,
253007,0.9962965451548771,0.9514532925755141,0.987,0.867,"Counter({2: 1473, 3: 783, 4: 442, 5: 370, 6: 67, 7: 42, 8: 16, 9: 10, 10: 5, 16: 4, 1: 4, 12: 3, 13: 3, 29: 1, 23: 1, 41: 1, 15: 1, 61: 1, 85: 1, 14: 1, 20: 1, 28: 1})",3072,159,33,0,7,0,
253406,0.9962786990047592,0.9516087648175707,0.988,0.877,"Counter({2: 1490, 3: 790, 4: 443, 5: 376, 6: 63, 7: 40, 8: 19, 9: 8, 10: 6, 17: 4, 11: 3, 1: 3, 38: 1, 37: 1, 62: 1, 26: 1, 19: 1, 13: 1, 53: 1, 12: 1, 28: 1, 14: 1})",3102,153,42,0,6,2,
254274,0.9964133179168928,0.9538928210313448,0.991,0.903,"Counter({2: 1519, 3: 802, 4: 441, 5: 379, 6: 57, 7: 27, 8: 13, 9: 9, 10: 5, 11: 4, 17: 3, 14: 3, 12: 2, 28: 1, 23: 1, 29: 1, 15: 1, 42: 1, 16: 1, 21: 1, 24: 1, 1: 1})",3142,131,35,0,3,0,
253643,0.996195440047626,0.9506923509273927,0.989,0.882,"Counter({2: 1470, 3: 799, 4: 441, 5: 379, 6: 63, 7: 36, 8: 15, 9: 12, 11: 5, 14: 2, 12: 2, 15: 2, 13: 2, 10: 2, 1: 2, 17: 1, 35: 1, 54: 1, 24: 1, 53: 1, 18: 1, 29: 1})",3091,148,39,0,7,0,
253735,0.996527873568881,0.9552314650134661,0.989,0.887,"Counter({2: 1517, 3: 792, 4: 440, 5: 381, 6: 70, 7: 31, 8: 12, 9: 5, 11: 4, 14: 3, 10: 3, 27: 2, 17: 2, 16: 2, 12: 2, 1: 2, 60: 1, 59: 1, 28: 1})",3132,139,39,0,3,0,
251511,0.9957735446958582,0.9410525148339155,0.983,0.835,"Counter({2: 1416, 3: 732, 4: 416, 5: 358, 6: 86, 7: 38, 8: 36, 9: 14, 10: 10, 14: 7, 16: 6, 13: 6, 11: 4, 12: 4, 15: 3, 1: 3, 20: 2, 17: 2, 55: 1, 23: 1, 21: 1, 51: 1, 18: 1, 78: 1, 27: 1, 30: 1, 60: 1})",2925,227,65,0,8,2,
253439,0.9959437971267248,0.9461159450676172,0.989,0.882,"Counter({2: 1485, 3: 768, 4: 431, 5: 377, 6: 65, 7: 48, 8: 25, 9: 12, 10: 9, 14: 4, 17: 3, 11: 3, 16: 2, 12: 2, 15: 2, 35: 1, 13: 1, 20: 1, 52: 1, 33: 1, 27: 1, 1: 1})",3062,181,57,0,2,0,
253242,0.9960906958561376,0.9488530688158711,0.988,0.872,"Counter({2: 1478, 3: 786, 4: 447, 5: 371, 6: 71, 7: 32, 8: 20, 9: 9, 11: 4, 17: 3, 10: 3, 12: 3, 27: 2, 15: 2, 14: 2, 1: 2, 22: 1, 13: 1, 23: 1, 33: 1, 61: 1, 53: 1, 16: 1, 18: 1})",3084,159,47,0,4,2,
252666,0.995883894152755,0.9429574374725758,0.987,0.868,"Counter({2: 1430, 3: 743, 4: 428, 5: 345, 6: 77, 7: 38, 8: 22, 9: 16, 10: 12, 11: 10, 13: 6, 14: 4, 15: 4, 16: 3, 18: 2, 22: 2, 77: 1, 30: 1, 41: 1, 21: 1, 28: 1, 12: 1, 40: 1, 53: 1, 35: 1, 1: 1})",2947,205,65,0,7,2,
253228,0.9961457658710727,0.9486640016831475,0.988,0.879,"Counter({2: 1478, 3: 776, 4: 440, 5: 369, 6: 79, 7: 36, 8: 21, 10: 14, 9: 11, 11: 4, 14: 3, 12: 3, 17: 3, 16: 2, 18: 2, 1: 2, 37: 1, 56: 1, 35: 1, 13: 1, 25: 1, 23: 1, 15: 1})",3065,185,57,0,6,2,
253605,0.9960134855385343,0.9480071997942916,0.989,0.882,"Counter({2: 1441, 3: 789, 4: 455, 5: 375, 6: 72, 7: 33, 8: 15, 10: 8, 9: 8, 11: 6, 17: 2, 16: 2, 1: 2, 18: 1, 12: 1, 15: 1, 55: 1, 14: 1, 32: 1, 53: 1, 22: 1, 24: 1, 13: 1})",3062,156,53,0,6,0,
252639,0.9963346910017852,0.951442055584688,0.986,0.859,"Counter({2: 1459, 3: 787, 4: 435, 5: 369, 6: 68, 7: 45, 8: 18, 9: 11, 10: 8, 14: 7, 11: 5, 12: 4, 13: 3, 17: 2, 1: 2, 26: 1, 44: 1, 70: 1, 56: 1, 18: 1, 28: 1})",3052,177,36,0,5,2,
252709,0.9960666220831075,0.9476235641268838,0.986,0.862,"Counter({2: 1472, 3: 766, 4: 445, 5: 368, 6: 69, 7: 31, 8: 27, 9: 11, 10: 9, 14: 6, 11: 5, 12: 4, 13: 2, 15: 2, 1: 2, 17: 1, 21: 1, 41: 1, 28: 1, 59: 1, 16: 1, 26: 1, 19: 1, 56: 1, 18: 1, 33: 1, 29: 1})",3053,178,53,0,3,2,
252552,0.9958899553359308,0.9447343200937067,0.986,0.857,"Counter({2: 1449, 3: 776, 4: 444, 5: 358, 6: 85, 7: 41, 8: 23, 11: 9, 9: 7, 17: 5, 10: 5, 13: 3, 16: 3, 12: 3, 15: 2, 14: 2, 23: 1, 18: 1, 60: 1, 67: 1, 20: 1, 29: 1, 1: 1})",3028,194,56,0,7,0,
252402,0.9956379109515773,0.9404768340812024,0.986,0.855,"Counter({2: 1432, 3: 744, 4: 439, 5: 361, 6: 73, 7: 50, 9: 21, 8: 21, 10: 14, 11: 8, 17: 4, 14: 4, 15: 3, 1: 2, 13: 2, 18: 1, 42: 1, 46: 1, 63: 1, 19: 1, 12: 1, 56: 1, 24: 1, 16: 1, 20: 1})",2978,210,70,0,6,2,
253203,0.9961098407206865,0.9488603914646176,0.988,0.873,"Counter({2: 1466, 3: 783, 4: 447, 5: 370, 6: 71, 7: 36, 8: 18, 9: 13, 14: 4, 11: 4, 10: 3, 13: 3, 16: 2, 1: 2, 17: 1, 44: 1, 19: 1, 64: 1, 24: 1, 26: 1, 54: 1, 21: 1, 25: 1})",3068,163,49,0,3,0,
252341,0.9960846632136672,0.947024128686327,0.986,0.854,"Counter({2: 1442, 3: 769, 4: 434, 5: 357, 6: 79, 7: 37, 8: 18, 9: 13, 10: 11, 14: 6, 11: 4, 16: 4, 1: 4, 12: 3, 13: 3, 19: 2, 18: 2, 15: 2, 17: 1, 50: 1, 76: 1, 57: 1, 54: 1, 24: 1, 20: 1})",3006,191,64,0,7,2,
254035,0.9961934379120987,0.9506305202430183,0.99,0.898,"Counter({2: 1505, 3: 788, 4: 448, 5: 381, 6: 75, 7: 29, 8: 22, 10: 8, 9: 6, 11: 3, 14: 2, 19: 2, 1: 2, 17: 1, 24: 1, 22: 1, 16: 1, 23: 1, 26: 1, 15: 1, 51: 1, 13: 1})",3124,156,48,0,7,0,
253635,0.9960928105348237,0.9485114563308569,0.989,0.888,"Counter({2: 1492, 3: 767, 4: 460, 5: 365, 6: 77, 7: 33, 8: 22, 9: 8, 10: 6, 11: 5, 12: 4, 14: 3, 17: 2, 16: 2, 1: 2, 23: 1, 22: 1, 24: 1, 27: 1, 31: 1, 51: 1, 15: 1, 18: 1})",3086,170,61,0,9,0,
253280,0.9964150347441567,0.9537065361476497,0.987,0.869,"Counter({2: 1486, 3: 791, 4: 451, 5: 367, 6: 61, 7: 30, 8: 20, 9: 7, 12: 4, 13: 4, 11: 3, 10: 3, 14: 2, 17: 1, 25: 1, 28: 1, 20: 1, 63: 1, 67: 1, 16: 1, 18: 1, 23: 1, 1: 1})",3096,143,47,0,5,0,
252747,0.9960039090473873,0.9471204188481676,0.986,0.859,"Counter({2: 1460, 3: 773, 4: 431, 5: 380, 6: 75, 7: 32, 8: 19, 9: 10, 10: 8, 11: 6, 12: 5, 19: 4, 14: 4, 13: 4, 1: 2, 17: 1, 45: 1, 61: 1, 71: 1, 16: 1, 26: 1, 15: 1})",3046,174,54,0,7,2,
252721,0.9959757993993376,0.9450596942358598,0.987,0.869,"Counter({2: 1455, 3: 752, 4: 435, 5: 362, 6: 76, 7: 43, 8: 25, 11: 13, 9: 12, 10: 10, 14: 8, 13: 4, 20: 2, 12: 2, 19: 2, 1: 2, 17: 1, 45: 1, 29: 1, 16: 1, 21: 1, 57: 1, 22: 1, 32: 1, 38: 1, 15: 1})",3006,207,61,0,7,2,
252734,0.9961382322916584,0.9496855345911949,0.986,0.855,"Counter({2: 1491, 3: 780, 4: 441, 5: 384, 6: 69, 7: 43, 8: 19, 10: 7, 14: 5, 9: 5, 1: 4, 11: 3, 12: 3, 17: 2, 32: 1, 62: 1, 87: 1, 60: 1, 18: 1})",3100,161,49,0,8,2,
251795,0.9959888004130344,0.9456287683031869,0.984,0.836,"Counter({2: 1426, 3: 749, 4: 442, 5: 358, 6: 82, 7: 46, 8: 19, 9: 12, 10: 8, 14: 6, 12: 6, 11: 6, 15: 3, 1: 3, 18: 2, 16: 2, 20: 2, 24: 1, 27: 1, 26: 1, 89: 1, 19: 1, 62: 1, 13: 1, 25: 1})",2978,202,58,0,9,0,
253363,0.9963491117487557,0.9523809523809524,0.988,0.876,"Counter({2: 1494, 3: 781, 4: 449, 5: 369, 6: 75, 7: 36, 8: 19, 9: 9, 10: 7, 11: 6, 16: 2, 1: 2, 12: 2, 17: 1, 24: 1, 26: 1, 66: 1, 28: 1, 56: 1})",3095,162,41,0,4,2,
253026,0.9963640100226854,0.9522821576763487,0.987,0.867,"Counter({2: 1486, 3: 771, 4: 453, 5: 364, 6: 74, 7: 40, 8: 22, 9: 7, 11: 5, 10: 5, 13: 4, 17: 2, 14: 2, 1: 2, 19: 1, 44: 1, 18: 1, 75: 1, 26: 1, 55: 1, 12: 1})",3076,168,46,0,9,2,
251961,0.9962375129484325,0.9496494582536648,0.984,0.84,"Counter({2: 1471, 3: 757, 4: 435, 5: 363, 6: 72, 7: 46, 8: 15, 9: 13, 10: 7, 14: 5, 13: 4, 11: 3, 23: 3, 15: 3, 19: 2, 12: 2, 1: 2, 26: 1, 34: 1, 47: 1, 17: 1, 62: 1, 79: 1, 18: 1, 21: 1, 22: 1, 16: 1})",3028,185,53,0,7,2,
253099,0.9962307239459658,0.9502710592160133,0.988,0.871,"Counter({2: 1478, 3: 784, 4: 432, 5: 372, 6: 67, 7: 43, 8: 20, 9: 8, 10: 6, 11: 5, 14: 5, 12: 4, 15: 2, 16: 2, 17: 1, 21: 1, 25: 1, 13: 1, 68: 1, 61: 1, 20: 1, 1: 1})",3067,169,49,0,5,2,
251400,0.9961694510739857,0.9473338802296966,0.983,0.832,"Counter({2: 1460, 3: 733, 4: 441, 5: 353, 6: 72, 7: 56, 8: 25, 9: 15, 10: 9, 13: 8, 11: 5, 12: 4, 18: 3, 15: 3, 14: 3, 16: 3, 1: 3, 20: 2, 17: 1, 26: 1, 50: 1, 24: 1, 81: 1, 34: 1, 61: 1, 19: 1, 23: 1})",2990,217,53,0,9,2,
251910,0.9962049938470089,0.9486628718719794,0.984,0.842,"Counter({2: 1475, 3: 751, 4: 442, 5: 357, 6: 75, 7: 44, 8: 21, 9: 12, 11: 7, 10: 7, 14: 5, 12: 4, 17: 3, 19: 2, 13: 2, 1: 2, 32: 1, 15: 1, 25: 1, 63: 1, 87: 1, 62: 1, 37: 1, 18: 1, 22: 1})",3027,191,61,0,10,2,
252282,0.9958934842755329,0.9441509433962265,0.986,0.855,"Counter({2: 1486, 3: 740, 4: 426, 5: 377, 6: 82, 7: 43, 8: 21, 9: 10, 11: 9, 10: 8, 12: 8, 14: 5, 16: 4, 13: 2, 20: 1, 63: 1, 17: 1, 23: 1, 57: 1, 19: 1, 62: 1, 42: 1, 34: 1, 15: 1, 1: 1})",3030,202,58,0,10,0,
252402,0.9960578759280829,0.9468795045646254,0.986,0.855,"Counter({2: 1473, 3: 755, 4: 445, 5: 360, 6: 76, 7: 44, 8: 17, 11: 9, 10: 9, 12: 9, 9: 7, 14: 4, 17: 3, 13: 3, 1: 3, 36: 2, 15: 1, 51: 1, 24: 1, 72: 1, 37: 1, 54: 1, 16: 1})",3036,190,60,0,10,2,
253189,0.9962952576928698,0.9513586392864551,0.988,0.873,"Counter({2: 1500, 3: 771, 4: 451, 5: 369, 6: 78, 7: 34, 8: 21, 9: 10, 11: 7, 10: 6, 12: 3, 16: 3, 17: 2, 14: 2, 44: 1, 69: 1, 13: 1, 54: 1, 20: 1, 1: 1})",3092,171,52,0,8,2,
251963,0.9959994126121693,0.9460154241645244,0.984,0.84,"Counter({2: 1438, 3: 766, 4: 420, 5: 367, 6: 68, 7: 47, 8: 25, 11: 10, 10: 9, 9: 9, 12: 7, 16: 4, 15: 3, 13: 3, 26: 2, 20: 2, 1: 2, 17: 1, 28: 1, 14: 1, 23: 1, 85: 1, 57: 1, 37: 1})",2993,196,49,0,15,2,
253385,0.9962941768455118,0.951369827541561,0.988,0.879,"Counter({2: 1489, 3: 768, 4: 449, 5: 373, 6: 72, 7: 40, 8: 18, 9: 11, 10: 6, 11: 5, 14: 4, 13: 2, 12: 2, 1: 2, 17: 1, 18: 1, 38: 1, 62: 1, 54: 1, 16: 1})",3081,166,42,0,5,2,
253617,0.9962384225032234,0.9516619375760034,0.988,0.879,"Counter({2: 1516, 3: 778, 4: 457, 5: 379, 6: 60, 7: 27, 8: 12, 9: 8, 11: 7, 10: 6, 1: 3, 18: 2, 13: 2, 16: 2, 21: 1, 37: 1, 27: 1, 72: 1, 14: 1, 53: 1})",3133,132,38,0,4,2,
251877,0.9960178976246342,0.9462860815080598,0.984,0.836,"Counter({2: 1411, 3: 736, 4: 436, 5: 372, 6: 61, 7: 46, 8: 21, 9: 10, 10: 9, 12: 8, 13: 5, 17: 4, 14: 4, 1: 4, 16: 3, 11: 3, 15: 2, 18: 2, 24: 1, 45: 1, 89: 1, 61: 1, 36: 1, 55: 1, 23: 1})",2959,185,55,0,13,4,
253109,0.9960570347162685,0.947743219185255,0.988,0.873,"Counter({2: 1476, 3: 761, 4: 445, 5: 379, 6: 80, 7: 37, 8: 19, 10: 13, 9: 8, 11: 6, 14: 4, 12: 3, 1: 3, 17: 1, 39: 1, 21: 1, 43: 1, 61: 1, 15: 1, 52: 1, 22: 1, 32: 1})",3064,179,50,0,9,2,
252096,0.9959658225437928,0.9460448830176666,0.984,0.842,"Counter({2: 1440, 3: 732, 4: 436, 5: 385, 6: 54, 7: 44, 8: 22, 9: 18, 11: 11, 10: 8, 1: 5, 12: 4, 17: 3, 14: 3, 24: 2, 13: 2, 18: 2, 38: 1, 16: 1, 44: 1, 86: 1, 22: 1, 56: 1, 15: 1, 25: 1})",2998,181,47,0,15,4,
252671,0.9961451848451148,0.9488982161594964,0.986,0.859,"Counter({2: 1494, 3: 777, 4: 433, 5: 369, 6: 73, 7: 46, 8: 19, 9: 10, 11: 6, 10: 6, 14: 3, 13: 3, 17: 2, 22: 2, 12: 2, 1: 2, 16: 1, 26: 1, 74: 1, 63: 1, 20: 1, 56: 1, 51: 1})",3075,179,54,0,5,2,
252744,0.9960513404868166,0.9478197218446093,0.986,0.86,"Counter({2: 1493, 3: 749, 4: 445, 5: 377, 6: 61, 7: 38, 8: 17, 9: 13, 10: 10, 11: 5, 14: 4, 15: 3, 12: 3, 1: 3, 13: 2, 17: 1, 44: 1, 63: 1, 41: 1, 42: 1, 54: 1, 50: 1, 21: 1, 16: 1})",3067,165,48,0,8,2,
254444,0.9964432252283411,0.9546434120182429,0.991,0.906,"Counter({2: 1502, 3: 809, 4: 444, 5: 385, 6: 66, 7: 24, 8: 13, 9: 7, 11: 5, 10: 5, 20: 2, 13: 2, 1: 2, 15: 1, 52: 1, 12: 1, 26: 1, 16: 1, 18: 1})",3142,130,35,0,5,2,
253033,0.9958108230942209,0.9446128122060822,0.987,0.866,"Counter({2: 1431, 3: 769, 4: 444, 5: 384, 6: 72, 7: 31, 8: 27, 9: 14, 10: 6, 11: 5, 12: 3, 13: 3, 17: 2, 26: 2, 22: 2, 15: 2, 1: 2, 27: 1, 56: 1, 67: 1, 36: 1, 19: 1, 14: 1})",3030,175,56,0,6,2,
252042,0.9957903841423255,0.9435668315515132,0.984,0.84,"Counter({2: 1420, 3: 748, 4: 457, 5: 366, 6: 69, 7: 42, 8: 15, 9: 13, 10: 12, 11: 6, 12: 5, 13: 4, 1: 3, 17: 2, 14: 2, 15: 2, 19: 2, 38: 1, 45: 1, 16: 1, 57: 1, 82: 1, 29: 1, 18: 1, 24: 1, 58: 1, 21: 1, 20: 1})",2994,185,59,0,13,2,
253947,0.9961684918506617,0.9497443313878415,0.99,0.898,"Counter({2: 1462, 3: 788, 4: 443, 5: 379, 6: 71, 7: 40, 8: 20, 9: 7, 14: 5, 11: 5, 10: 4, 13: 4, 1: 3, 12: 2, 17: 2, 16: 1, 22: 1, 19: 1, 29: 1, 15: 1, 51: 1, 24: 1, 18: 1})",3075,168,52,0,4,2,
252585,0.9956964982085239,0.9425445319520058,0.986,0.852,"Counter({2: 1421, 3: 750, 4: 449, 5: 371, 6: 61, 7: 47, 8: 15, 9: 9, 11: 7, 12: 4, 10: 4, 17: 3, 15: 3, 1: 3, 14: 2, 24: 2, 13: 2, 25: 1, 43: 1, 72: 1, 88: 1, 31: 1, 55: 1, 19: 1})",2994,166,57,0,11,1,
251792,0.9957147169091949,0.9422840331639476,0.983,0.831,"Counter({2: 1407, 3: 764, 4: 428, 5: 372, 6: 73, 7: 41, 8: 27, 9: 10, 10: 8, 11: 7, 12: 4, 13: 4, 17: 4, 14: 4, 1: 4, 15: 2, 16: 2, 24: 1, 27: 1, 44: 1, 62: 1, 89: 1, 23: 1, 56: 1})",2975,193,58,0,15,4,
251603,0.9957949626991729,0.9422993019197208,0.983,0.832,"Counter({2: 1425, 3: 728, 4: 437, 5: 358, 6: 80, 7: 45, 8: 16, 9: 16, 10: 8, 11: 8, 13: 7, 18: 3, 14: 3, 21: 2, 15: 2, 17: 2, 12: 2, 39: 1, 43: 1, 72: 1, 82: 1, 30: 1, 55: 1, 23: 1, 1: 1, 19: 1})",2949,202,50,0,9,2,
252986,0.9960393065228906,0.9482491478153083,0.986,0.861,"Counter({2: 1442, 3: 776, 4: 443, 5: 376, 6: 54, 7: 31, 8: 18, 11: 9, 9: 8, 10: 7, 12: 5, 14: 3, 13: 2, 16: 2, 15: 2, 1: 2, 17: 1, 22: 1, 43: 1, 18: 1, 74: 1, 19: 1, 57: 1, 24: 1})",3039,149,45,0,9,2,
252552,0.9960681364629859,0.9473851533937371,0.986,0.856,"Counter({2: 1438, 3: 748, 4: 451, 5: 364, 6: 67, 7: 39, 8: 22, 9: 10, 11: 8, 14: 6, 12: 5, 10: 5, 1: 3, 24: 2, 13: 2, 15: 2, 17: 1, 47: 1, 21: 1, 19: 1, 63: 1, 58: 1, 26: 1, 25: 1, 16: 1})",3004,177,51,0,10,2,
250453,0.9954123128890451,0.9357202797202798,0.979,0.802,"Counter({2: 1390, 3: 727, 4: 408, 5: 372, 6: 78, 7: 52, 8: 28, 10: 16, 11: 12, 9: 11, 12: 7, 1: 5, 13: 4, 17: 4, 15: 3, 14: 3, 24: 2, 18: 2, 23: 2, 42: 1, 53: 1, 25: 1, 99: 1, 75: 1, 26: 1, 59: 1, 16: 1})",2902,232,82,0,19,4,
251794,0.9955717769287592,0.9381757693373995,0.984,0.843,"Counter({2: 1404, 3: 728, 4: 442, 5: 354, 6: 88, 7: 48, 8: 33, 9: 20, 10: 13, 14: 6, 11: 5, 12: 4, 1: 4, 13: 3, 17: 2, 63: 2, 20: 2, 38: 1, 47: 1, 23: 1, 21: 1, 16: 1, 55: 1, 24: 1, 15: 1})",2932,234,69,0,13,2,
253679,0.9957623610941386,0.9446646419931024,0.989,0.884,"Counter({2: 1468, 3: 778, 4: 434, 5: 403, 6: 70, 7: 33, 8: 17, 10: 12, 9: 8, 11: 5, 13: 3, 1: 3, 15: 2, 12: 2, 22: 2, 20: 1, 35: 1, 14: 1, 56: 1, 16: 1, 43: 1})",3086,160,48,0,11,0,
252994,0.9957983193277311,0.9445111447512659,0.987,0.866,"Counter({2: 1448, 3: 769, 4: 444, 5: 386, 6: 71, 7: 41, 8: 21, 10: 13, 9: 7, 11: 4, 14: 2, 17: 2, 1: 2, 15: 1, 30: 1, 40: 1, 42: 1, 12: 1, 61: 1, 28: 1, 56: 1, 22: 1, 13: 1})",3049,171,53,0,9,2,
252829,0.9959656526743372,0.9458368734069669,0.987,0.865,"Counter({2: 1470, 3: 768, 4: 428, 5: 368, 6: 77, 7: 35, 8: 17, 11: 12, 9: 8, 10: 8, 13: 4, 12: 4, 16: 2, 1: 2, 23: 1, 35: 1, 43: 1, 22: 1, 58: 1, 14: 1, 25: 1, 15: 1, 53: 1, 20: 1, 17: 1})",3036,178,43,0,8,2,
253731,0.9960391122882107,0.9480539618545512,0.989,0.887,"Counter({2: 1470, 3: 767, 4: 436, 5: 385, 6: 67, 7: 36, 8: 15, 9: 10, 11: 7, 10: 6, 12: 5, 1: 3, 13: 2, 17: 2, 14: 2, 28: 1, 23: 1, 36: 1, 20: 1, 51: 1, 24: 1})",3061,158,45,0,7,2,
254013,0.9962718443544228,0.9516664114734854,0.99,0.897,"Counter({2: 1509, 3: 801, 4: 452, 5: 374, 6: 68, 7: 32, 8: 14, 10: 5, 9: 5, 11: 4, 1: 4, 19: 2, 13: 2, 21: 2, 12: 2, 15: 1, 22: 1, 16: 1, 25: 1, 14: 1, 52: 1, 23: 1})",3140,143,37,0,10,2,
254182,0.9963018624450197,0.9521189894050531,0.991,0.902,"Counter({2: 1489, 3: 792, 4: 451, 5: 382, 6: 72, 7: 27, 8: 11, 10: 9, 11: 5, 9: 3, 13: 2, 12: 2, 16: 1, 19: 1, 31: 1, 17: 1, 26: 1, 24: 1, 15: 1, 49: 1, 21: 1, 14: 1, 1: 1})",3115,141,47,0,8,0,
253939,0.995900590299245,0.9460146242804544,0.99,0.895,"Counter({2: 1490, 3: 778, 4: 438, 5: 378, 6: 69, 7: 31, 8: 25, 9: 11, 10: 7, 11: 6, 12: 4, 1: 2, 43: 1, 20: 1, 16: 1, 19: 1, 17: 1, 48: 1, 22: 1, 13: 1, 30: 1, 15: 1})",3086,163,48,0,7,2,
253472,0.9961021335689938,0.9492604765817584,0.988,0.879,"Counter({2: 1494, 3: 773, 4: 442, 5: 391, 6: 78, 7: 28, 8: 10, 11: 9, 10: 9, 9: 5, 14: 4, 1: 3, 17: 2, 12: 2, 26: 1, 37: 1, 18: 1, 57: 1, 20: 1, 19: 1, 13: 1, 53: 1, 23: 1, 15: 1})",3103,157,47,0,12,0,
254579,0.9963115575125993,0.9524773520927173,0.992,0.914,"Counter({2: 1501, 3: 807, 4: 450, 5: 376, 6: 65, 7: 29, 8: 16, 10: 9, 12: 3, 9: 3, 11: 2, 15: 2, 1: 2, 21: 1, 14: 1, 18: 1, 25: 1, 13: 1, 39: 1, 22: 1, 26: 1})",3136,137,38,0,5,0,
254232,0.9962081877969728,0.9510311896779438,0.991,0.9,"Counter({2: 1492, 3: 801, 4: 437, 5: 383, 6: 64, 7: 27, 8: 13, 11: 6, 10: 6, 9: 6, 12: 3, 20: 2, 14: 2, 31: 1, 16: 1, 23: 1, 13: 1, 21: 1, 46: 1, 1: 1})",3114,135,37,0,8,0,
253980,0.9958697535238995,0.945161796225626,0.991,0.901,"Counter({2: 1468, 3: 782, 4: 442, 5: 378, 6: 76, 7: 39, 8: 17, 10: 14, 9: 10, 11: 5, 12: 5, 22: 3, 19: 2, 13: 2, 1: 2, 17: 1, 23: 1, 18: 1, 15: 1, 35: 1, 14: 1})",3072,179,59,0,8,0,
253628,0.9960375037456433,0.9482038859970109,0.989,0.884,"Counter({2: 1480, 3: 794, 4: 443, 5: 377, 6: 60, 7: 33, 8: 16, 11: 10, 9: 5, 10: 4, 12: 4, 15: 2, 14: 2, 19: 2, 1: 2, 26: 1, 23: 1, 18: 1, 34: 1, 17: 1, 57: 1, 21: 1, 24: 1, 13: 1})",3096,147,39,0,9,2,
254580,0.9966258150679551,0.9567014466454962,0.992,0.914,"Counter({2: 1529, 3: 806, 4: 438, 5: 376, 6: 59, 7: 26, 8: 17, 9: 10, 10: 5, 12: 3, 11: 2, 14: 2, 1: 2, 15: 1, 36: 1, 28: 1, 22: 1, 16: 1, 34: 1})",3151,130,25,0,5,0,
254633,0.9963516119277549,0.9531447016694407,0.992,0.915,"Counter({2: 1523, 3: 814, 4: 439, 5: 379, 6: 58, 7: 23, 8: 19, 10: 6, 9: 5, 11: 4, 1: 4, 12: 3, 14: 3, 16: 2, 19: 2, 20: 1, 15: 1, 35: 1, 18: 1, 21: 1})",3159,130,33,0,7,0,
253988,0.9960273713718758,0.9463554681269605,0.992,0.908,"Counter({2: 1495, 3: 782, 4: 420, 5: 366, 6: 84, 7: 33, 8: 26, 10: 13, 9: 13, 11: 5, 12: 4, 14: 4, 16: 3, 13: 2, 1: 2, 17: 1, 20: 1, 18: 1, 19: 1, 23: 1, 22: 1})",3065,193,58,0,4,0,
255015,0.9962315942199479,0.9517109692980252,0.993,0.923,"Counter({2: 1498, 3: 813, 4: 427, 5: 381, 6: 55, 7: 23, 8: 19, 10: 6, 9: 5, 11: 4, 12: 3, 15: 3, 1: 3, 19: 1, 17: 1, 20: 1, 21: 1})",3122,122,31,0,5,0,
254955,0.9962267851189426,0.9515267560213644,0.993,0.923,"Counter({2: 1477, 3: 815, 4: 442, 5: 378, 6: 59, 7: 25, 8: 18, 9: 8, 10: 3, 1: 3, 12: 2, 17: 2, 14: 2, 11: 1, 18: 1, 19: 1, 15: 1, 16: 1, 13: 1, 22: 1})",3115,126,38,0,9,0,
254308,0.9961699985843937,0.9497627398390758,0.992,0.909,"Counter({2: 1511, 3: 775, 4: 431, 5: 381, 6: 63, 7: 26, 8: 23, 10: 9, 9: 8, 11: 5, 1: 3, 13: 2, 14: 1, 15: 1, 41: 1, 16: 1, 20: 1, 12: 1, 31: 1, 18: 1, 26: 1, 22: 1, 36: 1})",3101,147,39,0,8,0,
255141,0.9963784730795913,0.9540252761468802,0.994,0.929,"Counter({2: 1508, 3: 815, 4: 435, 5: 395, 6: 60, 7: 26, 8: 16, 10: 4, 1: 3, 12: 2, 17: 2, 20: 2, 15: 2, 9: 2, 13: 1, 16: 1, 14: 1})",3156,119,31,0,6,0,
254511,0.9964402324457489,0.9540661123504361,0.992,0.915,"Counter({2: 1530, 3: 799, 4: 439, 5: 381, 6: 68, 7: 24, 8: 19, 9: 10, 10: 8, 14: 4, 1: 4, 11: 3, 12: 3, 37: 1, 20: 1, 13: 1, 16: 1, 17: 1, 22: 1})",3153,145,34,0,9,0,
254214,0.9961843171501176,0.9498241258017793,0.992,0.91,"Counter({2: 1509, 3: 795, 4: 440, 5: 376, 6: 67, 7: 36, 8: 20, 9: 13, 10: 9, 11: 6, 1: 4, 12: 3, 17: 2, 15: 2, 13: 1, 20: 1, 23: 1, 28: 1, 30: 1, 22: 1, 19: 1, 16: 1})",3124,166,48,0,7,0,
254546,0.9964564361647796,0.9541806359849639,0.992,0.917,"Counter({2: 1536, 3: 805, 4: 443, 5: 379, 6: 62, 7: 28, 8: 18, 10: 8, 9: 8, 12: 5, 11: 4, 1: 3, 15: 2, 19: 2, 13: 1, 17: 1, 14: 1, 24: 1, 16: 1})",3166,142,34,0,10,0,
254324,0.9964572749720828,0.9540376472988827,0.992,0.912,"Counter({2: 1536, 3: 800, 4: 448, 5: 379, 6: 60, 7: 28, 8: 25, 9: 9, 11: 7, 10: 6, 1: 4, 15: 3, 22: 2, 17: 2, 13: 2, 36: 1, 12: 1, 19: 1, 18: 1})",3167,148,40,0,9,0,
254380,0.9964030191052756,0.9537808758902864,0.992,0.909,"Counter({2: 1531, 3: 805, 4: 443, 5: 386, 6: 57, 7: 27, 8: 16, 10: 10, 11: 6, 9: 5, 13: 3, 1: 3, 18: 2, 17: 2, 35: 1, 19: 1, 20: 1, 12: 1, 42: 1, 16: 1})",3168,134,37,0,9,0,
253614,0.9965262170069475,0.9543310351977606,0.99,0.891,"Counter({2: 1518, 3: 801, 4: 437, 5: 362, 6: 74, 7: 31, 8: 24, 9: 10, 10: 7, 11: 5, 12: 5, 1: 4, 22: 3, 20: 2, 34: 1, 17: 1, 40: 1, 41: 1, 14: 1, 13: 1})",3122,167,43,0,11,0,
254142,0.9964940859834266,0.9546218487394958,0.991,0.904,"Counter({2: 1526, 3: 787, 4: 444, 5: 381, 6: 67, 7: 25, 8: 17, 9: 9, 10: 8, 11: 7, 13: 4, 12: 4, 1: 4, 17: 3, 15: 2, 21: 1, 18: 1, 16: 1, 28: 1, 22: 1})",3142,151,35,0,11,0,
254100,0.9964108618654073,0.9527656929770044,0.991,0.908,"Counter({2: 1509, 3: 792, 4: 439, 5: 371, 6: 74, 7: 30, 8: 25, 10: 10, 11: 9, 9: 9, 1: 4, 16: 3, 14: 3, 12: 3, 19: 2, 18: 2, 23: 1, 15: 1})",3115,172,35,0,11,0,
254601,0.9965121896614703,0.9551333872271625,0.992,0.917,"Counter({2: 1520, 3: 809, 4: 439, 5: 380, 6: 66, 7: 25, 8: 16, 9: 9, 11: 8, 10: 7, 1: 4, 17: 2, 18: 1, 23: 1, 12: 1, 14: 1, 15: 1, 13: 1, 22: 1})",3152,140,27,0,10,0,
254457,0.996588814613078,0.9562191062241501,0.992,0.913,"Counter({2: 1550, 3: 809, 4: 446, 5: 375, 6: 66, 7: 22, 8: 12, 9: 9, 11: 6, 10: 6, 13: 5, 1: 4, 14: 3, 12: 2, 16: 2, 22: 1, 17: 1, 19: 1, 21: 1, 28: 1})",3184,138,27,0,6,0,
254801,0.9967661037437059,0.9590008956115037,0.993,0.922,"Counter({2: 1546, 3: 812, 4: 447, 5: 387, 6: 56, 7: 22, 9: 11, 8: 9, 10: 8, 11: 3, 13: 3, 1: 3, 14: 2, 15: 2, 17: 1, 25: 1, 21: 1, 23: 1})",3195,120,25,0,6,0,
255234,0.9969204729777381,0.961432777232581,0.994,0.935,"Counter({2: 1539, 3: 823, 4: 452, 5: 395, 6: 55, 7: 20, 8: 11, 10: 5, 11: 3, 17: 3, 9: 3, 1: 3, 12: 1, 21: 1, 13: 1, 15: 1, 14: 1})",3212,105,22,0,7,0,
255203,0.9969083435539551,0.9612684698836581,0.994,0.933,"Counter({2: 1550, 3: 835, 4: 439, 5: 393, 6: 54, 7: 23, 8: 11, 9: 4, 10: 3, 15: 3, 1: 3, 11: 2, 26: 1, 17: 1, 20: 1, 12: 1})",3220,104,26,0,8,0,
254952,0.9967993975336534,0.9593746888379966,0.993,0.928,"Counter({2: 1553, 3: 814, 4: 442, 5: 387, 6: 53, 7: 24, 8: 14, 9: 7, 11: 3, 17: 3, 13: 3, 15: 3, 1: 3, 10: 2, 12: 1, 14: 1, 20: 1})",3199,115,22,0,4,0,
254953,0.9968464775860649,0.9600437332273134,0.994,0.928,"Counter({2: 1541, 3: 828, 4: 439, 5: 389, 6: 56, 7: 28, 8: 11, 9: 6, 11: 5, 10: 4, 14: 3, 1: 3, 17: 2, 12: 2, 16: 2, 13: 1, 15: 1})",3200,121,39,0,6,0,
254966,0.9966309233387981,0.9573252521238015,0.993,0.925,"Counter({2: 1546, 3: 821, 4: 444, 5: 384, 6: 55, 7: 20, 8: 13, 9: 9, 10: 4, 1: 4, 11: 3, 15: 3, 18: 2, 12: 1, 17: 1, 30: 1, 16: 1})",3199,113,21,0,11,0,
254524,0.9966250726846977,0.9567885708536648,0.992,0.914,"Counter({2: 1542, 3: 807, 4: 438, 5: 387, 6: 59, 7: 23, 8: 16, 10: 7, 9: 7, 11: 3, 17: 3, 13: 3, 1: 3, 12: 2, 15: 2, 18: 2, 14: 1, 42: 1})",3177,129,28,0,5,0,
254649,0.9965835326272634,0.9567379413227249,0.992,0.914,"Counter({2: 1537, 3: 821, 4: 444, 5: 385, 6: 56, 7: 30, 8: 12, 9: 6, 1: 4, 11: 3, 15: 2, 10: 2, 22: 1, 19: 1, 14: 1, 17: 1, 13: 1, 50: 1, 18: 1})",3191,118,28,0,6,0,
254804,0.9965699125602424,0.9560406397746705,0.993,0.923,"Counter({2: 1542, 3: 812, 4: 440, 5: 380, 6: 70, 7: 22, 8: 16, 9: 7, 10: 4, 15: 3, 1: 3, 11: 2, 17: 1, 13: 1, 14: 1, 35: 1, 18: 1, 20: 1})",3177,130,27,0,7,0,
254729,0.9966160115259747,0.9563146158524225,0.993,0.925,"Counter({2: 1546, 3: 805, 4: 436, 5: 382, 6: 67, 7: 25, 8: 20, 9: 9, 10: 7, 11: 3, 15: 3, 1: 3, 17: 2, 12: 2, 13: 2, 20: 2})",3172,142,37,0,5,0,
254988,0.9967449448601503,0.9588211946814844,0.994,0.929,"Counter({2: 1553, 3: 830, 4: 448, 5: 387, 6: 62, 7: 25, 8: 12, 9: 9, 11: 3, 17: 3, 1: 3, 13: 2, 10: 2, 22: 1, 16: 1, 15: 1})",3221,121,30,0,8,0,
255009,0.9970589273319765,0.9627643729520405,0.994,0.931,"Counter({2: 1563, 3: 823, 4: 441, 5: 382, 6: 53, 7: 24, 8: 12, 9: 9, 11: 3, 10: 3, 17: 3, 1: 3, 13: 1, 19: 1, 20: 1, 14: 1, 16: 1, 22: 1})",3212,113,25,0,8,0,
254488,0.9969939643519538,0.961644522436701,0.992,0.914,"Counter({2: 1545, 3: 809, 4: 441, 5: 378, 6: 59, 7: 24, 8: 17, 9: 8, 10: 6, 1: 4, 23: 3, 13: 2, 11: 1, 14: 1, 19: 1, 12: 1, 15: 1, 17: 1, 45: 1})",3177,126,31,0,10,0,
254689,0.9967607552740794,0.9586403970521883,0.993,0.919,"Counter({2: 1554, 3: 797, 4: 444, 5: 386, 6: 56, 7: 26, 8: 16, 9: 7, 11: 6, 10: 4, 17: 3, 1: 3, 16: 2, 13: 1, 21: 1, 42: 1})",3184,123,29,0,6,0,
254261,0.9965861850618065,0.9557142857142856,0.992,0.911,"Counter({2: 1512, 3: 802, 4: 445, 5: 379, 6: 69, 7: 31, 9: 15, 8: 14, 10: 4, 11: 3, 14: 3, 1: 3, 29: 2, 15: 2, 12: 2, 23: 1, 17: 1, 20: 1, 25: 1, 19: 1})",3141,150,40,0,8,2,
254604,0.9967439631741842,0.9580486817468753,0.993,0.923,"Counter({2: 1545, 3: 808, 4: 447, 5: 383, 6: 63, 7: 29, 8: 19, 10: 9, 9: 8, 11: 3, 1: 3, 13: 2, 27: 2, 14: 2, 19: 1, 22: 1, 15: 1, 17: 1, 16: 1, 18: 1})",3186,143,41,0,7,0,
254517,0.9968017853424329,0.9585961342828078,0.993,0.922,"Counter({2: 1537, 3: 807, 4: 454, 5: 372, 6: 65, 7: 33, 8: 15, 9: 8, 10: 6, 11: 5, 14: 4, 17: 3, 1: 3, 13: 2, 22: 1, 18: 1, 12: 1, 19: 1, 21: 1})",3173,146,44,0,5,0,
254241,0.9967314477208633,0.9570520440332833,0.992,0.917,"Counter({2: 1522, 3: 785, 4: 446, 5: 372, 6: 61, 7: 33, 8: 19, 10: 12, 11: 9, 9: 9, 12: 5, 13: 4, 14: 3, 1: 3, 24: 2, 15: 2, 17: 1, 19: 1})",3128,161,38,0,7,0,
253664,0.99632190614356,0.9508144867942433,0.991,0.9,"Counter({2: 1482, 3: 785, 4: 456, 5: 368, 6: 73, 7: 34, 8: 20, 9: 14, 11: 9, 10: 8, 12: 4, 15: 4, 13: 3, 17: 2, 16: 2, 19: 2, 25: 2, 1: 2, 22: 1, 28: 1, 14: 1})",3093,180,50,0,4,0,
253814,0.996544713845572,0.9543965472414331,0.991,0.902,"Counter({2: 1529, 3: 795, 4: 449, 5: 364, 6: 60, 7: 36, 8: 17, 9: 15, 12: 9, 11: 6, 10: 5, 14: 4, 13: 3, 1: 3, 27: 2, 17: 2, 28: 1, 18: 1, 15: 1, 23: 1})",3140,163,37,0,8,2,
