P_model,P_model_std,R_model,R_model_std,F1_model_micro_one_lab,F1_model_micro_one_lab_std,F1_model_micro_one_boost,F1_model_micro_one_boost_std,F1_model_macro_one_lab,F1_model_macro_one_lab_std,F1_model_macro_one_boost,F1_model_macro_one_boost_std
0.04533333333333334,0.002624669291337273,0.922,0.021228911104120868,0.08566666666666667,0.004642796092394704,0.08566666666666667,0.004642796092394704,0.08593333333333332,0.004986871653540811,0.08593333333333332,0.004986871653540811
0.08233333333333333,0.008576453553512407,0.906,0.004966554808583784,0.1506666666666667,0.014290634073484012,0.1506666666666667,0.014290634073484012,0.24313333333333334,0.05691586383035538,0.24313333333333334,0.05691586383035538
0.168,0.05435071296680477,0.8683333333333333,0.03138293945583955,0.2776666666666667,0.07950401806757246,0.2776666666666667,0.07950401806757246,0.39243333333333336,0.0740981481250075,0.39243333333333336,0.0740981481250075
0.35233333333333333,0.16581984869798372,0.7983333333333333,0.029803057263009462,0.4676666666666667,0.15038025875168,0.4676666666666667,0.15038025875168,0.5902,0.07066144634806168,0.5902,0.07066144634806168
0.494,0.2578849872843835,0.8266666666666667,0.0759751421336099,0.557,0.23193246143363946,0.557,0.23193246143363946,0.6082666666666667,0.16036970481428914,0.6082666666666667,0.16036970481428914
0.5566666666666666,0.22269610583832747,0.7933333333333333,0.0885299698156255,0.6093333333333333,0.15946856186164787,0.6093333333333333,0.15946856186164787,0.6365666666666666,0.11420339555177665,0.6365666666666666,0.11420339555177665
0.5519999999999999,0.09781956177915882,0.7943333333333333,0.11777473790626278,0.6353333333333333,0.04807170569980733,0.6353333333333333,0.04807170569980733,0.6519999999999999,0.05755854990065912,0.6519999999999999,0.05755854990065912
0.6603333333333333,0.053543336549834945,0.7896666666666666,0.05926962872238099,0.7156666666666666,0.031414787742222464,0.7156666666666666,0.031414787742222464,0.7106333333333333,0.03492528533248586,0.7106333333333333,0.03492528533248586
0.6746666666666666,0.040827550610940254,0.753,0.06709694478886499,0.709,0.031506613062445565,0.709,0.031506613062445565,0.6983,0.044856734908669676,0.6983,0.044856734908669676
0.6966666666666667,0.026599916457679975,0.743,0.062053740150507186,0.7173333333333334,0.033954217541991565,0.7173333333333334,0.033954217541991565,0.7080000000000001,0.04352447587277758,0.7080000000000001,0.04352447587277758
0.6926666666666668,0.030225081564084395,0.7433333333333335,0.05307437129998706,0.7153333333333333,0.021312489817527674,0.7153333333333333,0.021312489817527674,0.7080333333333333,0.02566727272011753,0.7080333333333333,0.02566727272011753
0.695,0.0424342628858646,0.7103333333333334,0.05555377774933243,0.6993333333333333,0.019189117286165645,0.6993333333333333,0.019189117286165645,0.6903,0.02421404551081878,0.6903,0.02421404551081878
0.7166666666666667,0.012657891697365028,0.7346666666666666,0.012918548250050744,0.7253333333333334,0.002867441755680878,0.7253333333333334,0.002867441755680878,0.718,0.0017281975195753932,0.718,0.0017281975195753932
0.711,0.016309506430300102,0.7183333333333333,0.008055363982396388,0.7143333333333333,0.012283683848458864,0.7143333333333333,0.012283683848458864,0.7037999999999999,0.011042644610780434,0.7037999999999999,0.011042644610780434
0.7346666666666666,0.012036980056845205,0.7666666666666666,0.03616935473881475,0.75,0.018384776310850254,0.75,0.018384776310850254,0.7435333333333333,0.020893752388905326,0.7435333333333333,0.020893752388905326
0.7136666666666667,0.007717224601860157,0.7646666666666667,0.0012472191289246482,0.7386666666666667,0.004784233364802446,0.7386666666666667,0.004784233364802446,0.7295000000000001,0.006138946706615589,0.7295000000000001,0.006138946706615589
0.7519999999999999,0.062359174679165436,0.7453333333333334,0.0419550023504018,0.7446666666666667,0.007586537784494035,0.7446666666666667,0.007586537784494035,0.7248666666666667,0.008889069442610734,0.7248666666666667,0.008889069442610734
0.835,0.09922029362316297,0.7360000000000001,0.04270831300812523,0.7773333333333333,0.0393305083731305,0.7773333333333333,0.0393305083731305,0.7568,0.04119231319878344,0.7568,0.04119231319878344
0.8846666666666666,0.022231109334044107,0.7183333333333334,0.040036094825655615,0.7923333333333332,0.02885981442921779,0.7923333333333332,0.02885981442921779,0.7623333333333333,0.04250563361354452,0.7623333333333333,0.04250563361354452
0.871,0.06496665811527223,0.7266666666666666,0.0673366335824878,0.7869999999999999,0.026545558322752707,0.7869999999999999,0.026545558322752707,0.7611666666666667,0.041519660670846316,0.7611666666666667,0.041519660670846316
0.8256666666666668,0.030814859330452152,0.77,0.032031234756093964,0.7956666666666666,0.003299831645537225,0.7956666666666666,0.003299831645537225,0.7764000000000001,0.00561664193862018,0.7764000000000001,0.00561664193862018
0.8706666666666667,0.018354533197248286,0.7850000000000001,0.018493242008906945,0.8249999999999998,0.010033277962194949,0.8249999999999998,0.010033277962194949,0.8061333333333334,0.021688757968639533,0.8061333333333334,0.021688757968639533
0.7923333333333332,0.05799042066487265,0.783,0.03256787783486466,0.7853333333333333,0.0226028513442196,0.7853333333333333,0.0226028513442196,0.7686333333333334,0.030270153984118045,0.7686333333333334,0.030270153984118045
0.8363333333333333,0.009392668535736923,0.783,0.027067816067549075,0.8086666666666668,0.018354533197248238,0.8086666666666668,0.018354533197248238,0.7913333333333333,0.018740390129936554,0.7913333333333333,0.018740390129936554
0.8146666666666667,0.018153665072253435,0.7813333333333334,0.020038851153585533,0.7973333333333333,0.009741092797468313,0.7973333333333333,0.009741092797468313,0.7781666666666668,0.008707978461668866,0.7781666666666668,0.008707978461668866
0.8383333333333334,0.01592342788332826,0.7633333333333333,0.027402351886086168,0.799,0.018493242008906896,0.799,0.018493242008906896,0.7808999999999999,0.01604431363443137,0.7808999999999999,0.01604431363443137
0.8456666666666667,0.0177451088722749,0.778,0.020832666655999678,0.8103333333333333,0.013888444437333076,0.8103333333333333,0.013888444437333076,0.7927666666666667,0.015276634300642212,0.7927666666666667,0.015276634300642212
0.8406666666666666,0.0270102861065105,0.7719999999999999,0.03982461550347979,0.8039999999999999,0.015253414918196706,0.8039999999999999,0.015253414918196706,0.7870333333333335,0.01434557616673361,0.7870333333333335,0.01434557616673361
0.7826666666666666,0.03985250584621024,0.8046666666666665,0.012498888839501742,0.7923333333333334,0.013912424503139483,0.7923333333333334,0.013912424503139483,0.7770333333333334,0.023112238220379173,0.7770333333333334,0.023112238220379173
0.7956666666666666,0.03363860216411429,0.7686666666666667,0.052550504807809005,0.7796666666666666,0.014383632673594292,0.7796666666666666,0.014383632673594292,0.7539666666666666,0.016016935481615112,0.7539666666666666,0.016016935481615112
0.7593333333333333,0.02117125934426724,0.8079999999999999,0.010708252269472642,0.7826666666666666,0.00659966329107445,0.7826666666666666,0.00659966329107445,0.7634,0.019755674290356764,0.7634,0.019755674290356764
0.7686666666666667,0.036334862353148124,0.7873333333333333,0.004496912521077351,0.7773333333333334,0.016048537489614313,0.7773333333333334,0.016048537489614313,0.7554333333333334,0.02288876483245779,0.7554333333333334,0.02288876483245779
0.7923333333333332,0.04054901012629311,0.7933333333333333,0.01407914138796193,0.7926666666666667,0.026233989826601304,0.7926666666666667,0.026233989826601304,0.7800666666666666,0.028464285614705924,0.7800666666666666,0.028464285614705924
0.8133333333333334,0.053331249959308304,0.7813333333333334,0.01222929088522944,0.7963333333333332,0.029454296045832676,0.7963333333333332,0.029454296045832676,0.7746333333333334,0.03243972187851734,0.7746333333333334,0.03243972187851734
0.8123333333333332,0.04644949467492143,0.7676666666666666,0.018354533197248286,0.789,0.03182242395963365,0.789,0.03182242395963365,0.7702333333333332,0.028802353298915596,0.7702333333333332,0.028802353298915596
0.8256666666666667,0.051486783633170254,0.7653333333333334,0.03021405118299912,0.7936666666666667,0.036463071120731924,0.7936666666666667,0.036463071120731924,0.7701666666666668,0.03796457413021901,0.7701666666666668,0.03796457413021901
0.816,0.08419421991245403,0.7893333333333334,0.024944382578492925,0.7989999999999999,0.031208973068654444,0.7989999999999999,0.031208973068654444,0.7813,0.020868636754709183,0.7813,0.020868636754709183
0.8706666666666667,0.031041191271527536,0.7763333333333332,0.01108552609887727,0.8210000000000001,0.019798989873223306,0.8210000000000001,0.019798989873223306,0.8100333333333333,0.012568302280826308,0.8100333333333333,0.012568302280826308
0.8723333333333333,0.027475241379993194,0.7799999999999999,0.019200694431886243,0.8230000000000001,0.010424330514074563,0.8230000000000001,0.010424330514074563,0.8104666666666667,0.006758862494697021,0.8104666666666667,0.006758862494697021
0.856,0.0384967531098403,0.7893333333333334,0.017556258776351606,0.8210000000000001,0.019304576314093647,0.8210000000000001,0.019304576314093647,0.8053666666666667,0.024689178916188277,0.8053666666666667,0.024689178916188277
0.8506666666666667,0.03352942323127884,0.7753333333333333,0.024567367696917728,0.8109999999999999,0.02491318258807303,0.8109999999999999,0.02491318258807303,0.7964333333333333,0.020776963739252734,0.7964333333333333,0.020776963739252734
0.8466666666666667,0.006018490028422602,0.7839999999999999,0.027604347483684493,0.8136666666666668,0.017913371790059168,0.8136666666666668,0.017913371790059168,0.8015333333333333,0.024992976791268544,0.8015333333333333,0.024992976791268544
0.8616666666666667,0.027812866726670892,0.7919999999999999,0.011224972160321834,0.8246666666666665,0.008993825042154702,0.8246666666666665,0.008993825042154702,0.8151333333333334,0.006764778061564305,0.8151333333333334,0.006764778061564305
0.8753333333333333,0.012472191289246483,0.7933333333333333,0.018803073034893918,0.8323333333333333,0.014383632673594238,0.8323333333333333,0.014383632673594238,0.8166333333333333,0.03142232044617682,0.8166333333333333,0.03142232044617682
0.8743333333333334,0.022939534045447026,0.7933333333333333,0.03029117950089687,0.8313333333333333,0.01396026106091463,0.8313333333333333,0.01396026106091463,0.8157,0.030682351061590136,0.8157,0.030682351061590136
0.8803333333333333,0.01161416759345624,0.8026666666666666,0.02737801226450807,0.839,0.01098483803552273,0.839,0.01098483803552273,0.8289333333333332,0.02105648488127953,0.8289333333333332,0.02105648488127953
0.8366666666666666,0.009177266598624143,0.8153333333333334,0.033905096306537076,0.8256666666666667,0.01452201394052795,0.8256666666666667,0.01452201394052795,0.819,0.02399388811065573,0.819,0.02399388811065573
0.842,0.013928388277184131,0.8073333333333332,0.02117125934426719,0.8236666666666665,0.00654896090146284,0.8236666666666665,0.00654896090146284,0.8195666666666668,0.012518342098252819,0.8195666666666668,0.012518342098252819
0.8556666666666667,0.008730533902472538,0.8123333333333335,0.008339997335464491,0.8333333333333334,0.00654896090146284,0.8333333333333334,0.00654896090146284,0.8307333333333332,0.006743062278289344,0.8307333333333332,0.006743062278289344
0.8773333333333332,0.018153665072253484,0.8046666666666668,0.016977108770995755,0.8393333333333333,0.015542057635833035,0.8393333333333333,0.015542057635833035,0.8325999999999999,0.02139953270517836,0.8325999999999999,0.02139953270517836
0.8743333333333334,0.009428090415820642,0.802,0.017907168024751022,0.8366666666666666,0.01347425528760517,0.8366666666666666,0.01347425528760517,0.8305333333333332,0.016859484636910494,0.8305333333333332,0.016859484636910494
0.8676666666666666,0.012119772641798572,0.8109999999999999,0.032166234884839495,0.8376666666666667,0.012036980056845203,0.8376666666666667,0.012036980056845203,0.8310333333333332,0.021166850392903374,0.8310333333333332,0.021166850392903374
0.86,0.025508168626278676,0.8243333333333333,0.004921607686744471,0.8416666666666667,0.014704496666741864,0.8416666666666667,0.014704496666741864,0.8401666666666667,0.010943592747458257,0.8401666666666667,0.010943592747458257
0.8376666666666667,0.026849374087469714,0.8396666666666667,0.00736357401145818,0.8383333333333333,0.013224556283251594,0.8383333333333333,0.013224556283251594,0.8343000000000002,0.011983599904313674,0.8343000000000002,0.011983599904313674
0.874,0.02922327839240494,0.8376666666666667,0.011440668201153687,0.8553333333333333,0.009463379711052268,0.8553333333333333,0.009463379711052268,0.8503666666666666,0.007472765366463886,0.8503666666666666,0.007472765366463886
0.872,0.009201449161228182,0.8353333333333334,0.007408703590297629,0.8533333333333334,0.004784233364802446,0.8533333333333334,0.004784233364802446,0.8497333333333333,0.005585894934763977,0.8497333333333333,0.005585894934763977
0.8606666666666666,0.026662499674428318,0.8363333333333333,0.012657891697365028,0.848,0.014764823060233414,0.848,0.014764823060233414,0.8445,0.016170549361931595,0.8445,0.016170549361931595
0.8943333333333333,0.007845734863959886,0.8370000000000001,0.016753109164172098,0.8643333333333333,0.005436502143433369,0.8643333333333333,0.005436502143433369,0.8600666666666666,0.007288956639251587,0.8600666666666666,0.007288956639251587
0.8823333333333334,0.01837268503936091,0.8436666666666667,0.015584892970081293,0.8623333333333334,0.006128258770283417,0.8623333333333334,0.006128258770283417,0.8579333333333333,0.006000740695021643,0.8579333333333333,0.006000740695021643
0.8896666666666667,0.01007747763855399,0.8473333333333333,0.01592342788332826,0.868,0.006683312551921147,0.868,0.006683312551921147,0.8642666666666666,0.008604004235754914,0.8642666666666666,0.008604004235754914
0.9076666666666666,0.016357125528513743,0.8446666666666666,0.004642796092394711,0.875,0.005887840577551903,0.875,0.005887840577551903,0.8727333333333332,0.006468556424908352,0.8727333333333332,0.006468556424908352
0.898,0.012355835328567103,0.8386666666666667,0.002624669291337273,0.8673333333333333,0.0051854497287013536,0.8673333333333333,0.0051854497287013536,0.8620000000000001,0.007290176038112242,0.8620000000000001,0.007290176038112242
0.9039999999999999,0.018018509002319456,0.836,0.0037416573867739447,0.8686666666666666,0.007845734863959886,0.8686666666666666,0.007845734863959886,0.8626333333333333,0.010215782996042172,0.8626333333333333,0.010215782996042172
0.8953333333333333,0.007408703590297629,0.8306666666666667,0.008259674462242584,0.8613333333333334,0.0033993463423951926,0.8613333333333334,0.0033993463423951926,0.8533333333333334,0.008363545234461816,0.8533333333333334,0.008363545234461816
0.8969999999999999,0.02499333244420735,0.8263333333333334,0.010656244908763863,0.8603333333333333,0.01517307556898807,0.8603333333333333,0.01517307556898807,0.8499333333333333,0.026320629847242576,0.8499333333333333,0.026320629847242576
0.89,0.02412467616362966,0.834,0.015513435037626809,0.8606666666666666,0.018190351532856353,0.8606666666666666,0.018190351532856353,0.8515333333333334,0.026681995594199683,0.8515333333333334,0.026681995594199683
0.9016666666666667,0.012814921857827401,0.8293333333333334,0.012256517540566834,0.8643333333333333,0.012391753530294081,0.8643333333333333,0.012391753530294081,0.8558,0.021083326745717078,0.8558,0.021083326745717078
0.9026666666666667,0.019669491322575925,0.823,0.008164965809277268,0.8610000000000001,0.013140268896284694,0.8610000000000001,0.013140268896284694,0.8513333333333333,0.02010046986736606,0.8513333333333333,0.02010046986736606
0.8930000000000001,0.022375581929117903,0.8233333333333333,0.01426728970602176,0.8569999999999999,0.01823915202707262,0.8569999999999999,0.01823915202707262,0.8464333333333333,0.030088794518151718,0.8464333333333333,0.030088794518151718
0.896,0.02164871050817271,0.8326666666666668,0.022484562605386706,0.8633333333333333,0.0215458168149231,0.8633333333333333,0.0215458168149231,0.8525,0.03372664624101639,0.8525,0.03372664624101639
0.8893333333333334,0.027824849006278966,0.831,0.0035590260840104404,0.859,0.014165686240583866,0.859,0.014165686240583866,0.8504666666666667,0.022160675882191793,0.8504666666666667,0.022160675882191793
0.8889999999999999,0.049497474683058366,0.8266666666666667,0.008576453553512412,0.8566666666666666,0.027450966386551073,0.8566666666666666,0.027450966386551073,0.8469000000000001,0.035759194621803214,0.8469000000000001,0.035759194621803214
0.891,0.0538949595664258,0.8353333333333334,0.013424687043734857,0.8616666666666667,0.028546258754675546,0.8616666666666667,0.028546258754675546,0.8525333333333335,0.03692960269967109,0.8525333333333335,0.03692960269967109
0.9053333333333334,0.01826350337573698,0.8356666666666667,0.019258475767539023,0.8693333333333332,0.018553226733434344,0.8693333333333332,0.018553226733434344,0.8574666666666667,0.03178776843728137,0.8574666666666667,0.03178776843728137
0.9176666666666667,0.01381625451737515,0.8376666666666667,0.016438437341250618,0.876,0.013928388277184131,0.876,0.013928388277184131,0.8665666666666666,0.023877790703683,0.8665666666666666,0.023877790703683
0.9203333333333333,0.018263503375736942,0.8383333333333334,0.015965240019770743,0.8773333333333332,0.014659088951530695,0.8773333333333332,0.014659088951530695,0.8703666666666665,0.02149671809576722,0.8703666666666665,0.02149671809576722
0.9093333333333334,0.017931970208417036,0.8356666666666666,0.014267289706021811,0.871,0.014966629547095779,0.871,0.014966629547095779,0.8618,0.02410490959673283,0.8618,0.02410490959673283
0.9043333333333333,0.027255988129012865,0.8273333333333334,0.025952948879762294,0.8636666666666667,0.02017148702720971,0.8636666666666667,0.02017148702720971,0.8507000000000001,0.029124216727664968,0.8507000000000001,0.029124216727664968
0.9206666666666666,0.023837412238374822,0.8386666666666667,0.018354533197248286,0.8773333333333332,0.02036882148993627,0.8773333333333332,0.02036882148993627,0.8693666666666667,0.030148779227174075,0.8693666666666667,0.030148779227174075
0.9136666666666667,0.0247296493213219,0.839,0.009416297927883698,0.875,0.016673332000533083,0.875,0.016673332000533083,0.8673333333333334,0.023970166642910268,0.8673333333333334,0.023970166642910268
0.91,0.02177154105707726,0.8396666666666667,0.013719410418171131,0.8733333333333334,0.016779617264870973,0.8733333333333334,0.016779617264870973,0.8657666666666666,0.02465932323122881,0.8657666666666666,0.02465932323122881
0.9153333333333333,0.03408160142299002,0.8300000000000001,0.025508168626278648,0.8703333333333334,0.024143091949642446,0.8703333333333334,0.024143091949642446,0.8582666666666666,0.03538439706361487,0.8582666666666666,0.03538439706361487
0.9086666666666666,0.02673740617354066,0.8346666666666667,0.026284765338288413,0.8696666666666667,0.018553226733434344,0.8696666666666667,0.018553226733434344,0.8589666666666665,0.028479739387072267,0.8589666666666665,0.028479739387072267
0.914,0.026545558322752717,0.8403333333333333,0.021699974398346412,0.8753333333333334,0.016499158227686123,0.8753333333333334,0.016499158227686123,0.8663333333333333,0.02368140386229013,0.8663333333333333,0.02368140386229013
0.8953333333333333,0.02831175649011479,0.844,0.022449944320643667,0.8686666666666666,0.012036980056845203,0.8686666666666666,0.012036980056845203,0.8578666666666667,0.020183381502832682,0.8578666666666667,0.020183381502832682
0.9143333333333334,0.021514852750806585,0.8396666666666666,0.017211107524567462,0.8753333333333333,0.014817407180595259,0.8753333333333333,0.014817407180595259,0.8684666666666668,0.021318588654557328,0.8684666666666668,0.021318588654557328
0.9096666666666667,0.032836294282732666,0.8406666666666666,0.016213848676020427,0.8733333333333334,0.017782638224465536,0.8733333333333334,0.017782638224465536,0.8654000000000001,0.024730682697140866,0.8654000000000001,0.024730682697140866
0.9103333333333333,0.02185304453744499,0.8443333333333333,0.019362047641943495,0.8753333333333333,0.00659966329107445,0.8753333333333333,0.00659966329107445,0.8711333333333334,0.008169999320005393,0.8711333333333334,0.008169999320005393
0.9193333333333333,0.022291004663067306,0.848,0.017146428199482262,0.8816666666666667,0.008055363982396388,0.8816666666666667,0.008055363982396388,0.8774000000000001,0.01116452715822152,0.8774000000000001,0.01116452715822152
0.916,0.022226110770892888,0.8496666666666667,0.010656244908763863,0.8813333333333334,0.006236095644623242,0.8813333333333334,0.006236095644623242,0.8772666666666668,0.008707212846574741,0.8772666666666668,0.008707212846574741
0.9096666666666667,0.023612614331233087,0.851,0.014142135623730963,0.879,0.004242640687119289,0.879,0.004242640687119289,0.8767666666666667,0.006127714817849263,0.8767666666666667,0.006127714817849263
0.9209999999999999,0.03047403266170503,0.8496666666666667,0.014704496666741864,0.8833333333333333,0.012657891697365028,0.8833333333333333,0.012657891697365028,0.8795666666666667,0.016444316816321636,0.8795666666666667,0.016444316816321636
0.9213333333333334,0.022691163233489995,0.8569999999999999,0.018402898322456365,0.8876666666666666,0.008178562764256872,0.8876666666666666,0.008178562764256872,0.8854333333333333,0.010402991022884773,0.8854333333333333,0.010402991022884773
0.9183333333333333,0.0232999761564017,0.859,0.018832595855767395,0.8873333333333333,0.008219218670625309,0.8873333333333333,0.008219218670625309,0.8845000000000001,0.010573867157604567,0.8845000000000001,0.010573867157604567
0.9223333333333333,0.01887385022252273,0.8530000000000001,0.018672618098881242,0.886,0.007874007874011818,0.886,0.007874007874011818,0.8823666666666666,0.010935060839133709,0.8823666666666666,0.010935060839133709
0.9056666666666667,0.02007209228976615,0.8593333333333333,0.00895668589502961,0.8816666666666667,0.005249338582674546,0.8816666666666667,0.005249338582674546,0.8796666666666667,0.003910953279643701,0.8796666666666667,0.003910953279643701
0.91,0.014719601443879758,0.8586666666666667,0.012657891697365028,0.8836666666666666,0.004988876515698593,0.8836666666666666,0.004988876515698593,0.8809666666666667,0.0068528988189102795,0.8809666666666667,0.0068528988189102795
0.9106666666666667,0.015326085243430211,0.8610000000000001,0.013490737563232054,0.8853333333333334,0.005734883511361756,0.8853333333333334,0.005734883511361756,0.8820666666666667,0.008240684976923195,0.8820666666666667,0.008240684976923195
0.9106666666666667,0.019601587237318842,0.858,0.012328828005937964,0.8833333333333333,0.0041096093353126546,0.8833333333333333,0.0041096093353126546,0.8808333333333334,0.004336152928832365,0.8808333333333334,0.004336152928832365
0.8866666666666667,0.029825417944356742,0.86,0.01373559851869102,0.8726666666666668,0.008178562764256872,0.8726666666666668,0.008178562764256872,0.8696333333333334,0.006345777248603138,0.8696333333333334,0.006345777248603138
0.9063333333333334,0.01653951497340705,0.8610000000000001,0.013589211407093018,0.8826666666666667,0.008339997335464543,0.8826666666666667,0.008339997335464543,0.8793000000000001,0.00946607979401536,0.8793000000000001,0.00946607979401536
0.9086666666666666,0.013224556283251594,0.86,0.011224972160321834,0.8836666666666666,0.009463379711052268,0.8836666666666666,0.009463379711052268,0.8808333333333334,0.012058837238952812,0.8808333333333334,0.012058837238952812
0.9136666666666667,0.01302134998974975,0.8573333333333334,0.013274871834493262,0.8846666666666666,0.008653836657164788,0.8846666666666666,0.008653836657164788,0.8816999999999999,0.012135073135337874,0.8816999999999999,0.012135073135337874
0.9053333333333334,0.017931970208417036,0.8603333333333333,0.013224556283251594,0.882,0.01267543556122104,0.882,0.01267543556122104,0.8786333333333335,0.015432073382695151,0.8786333333333335,0.015432073382695151
0.9183333333333333,0.01936204764194345,0.8636666666666667,0.010498677165349092,0.89,0.01067707825203132,0.89,0.01067707825203132,0.8872333333333334,0.013142889924044767,0.8872333333333334,0.013142889924044767
0.9236666666666666,0.008993825042154702,0.859,0.012328828005937964,0.89,0.004966554808583784,0.89,0.004966554808583784,0.8873333333333333,0.008000555536266784,0.8873333333333333,0.008000555536266784
0.911,0.015121728296285022,0.862,0.01098483803552273,0.886,0.004546060565661956,0.886,0.004546060565661956,0.8832000000000001,0.00720324001173544,0.8832000000000001,0.00720324001173544
0.9153333333333333,0.018116904322268226,0.8526666666666666,0.017556258776351606,0.8823333333333333,0.006342099196813488,0.8823333333333333,0.006342099196813488,0.8793666666666667,0.010034053130326908,0.8793666666666667,0.010034053130326908
0.8956666666666666,0.016213848676020427,0.8623333333333333,0.0251970015852857,0.878,0.0065319726474218145,0.878,0.0065319726474218145,0.8745333333333334,0.010126313357891987,0.8745333333333334,0.010126313357891987
0.9126666666666666,0.01236482466066095,0.8713333333333333,0.019482185594936627,0.8913333333333333,0.004921607686744471,0.8913333333333333,0.004921607686744471,0.8886,0.008274055837375133,0.8886,0.008274055837375133
0.9199999999999999,0.010614455552060448,0.862,0.023622023622035453,0.8896666666666667,0.007717224601860157,0.8896666666666667,0.007717224601860157,0.8860333333333333,0.011712196871447927,0.8860333333333333,0.011712196871447927
0.9236666666666666,0.007717224601860157,0.8686666666666666,0.018873850222522772,0.895,0.009899494936611674,0.895,0.009899494936611674,0.8927333333333335,0.012385565074804763,0.8927333333333335,0.012385565074804763
0.9116666666666666,0.0012472191289246482,0.8650000000000001,0.013928388277184133,0.888,0.008041558721209886,0.888,0.008041558721209886,0.8868666666666667,0.009079035680560461,0.8868666666666667,0.009079035680560461
0.9156666666666666,0.01302134998974975,0.8703333333333333,0.01236482466066095,0.8923333333333333,0.00047140452079103207,0.8923333333333333,0.00047140452079103207,0.8913666666666668,0.001837268503936075,0.8913666666666668,0.001837268503936075
0.914,0.009201449161228182,0.875,0.01512172829628502,0.894,0.004966554808583784,0.894,0.004966554808583784,0.8923,0.006870710783220755,0.8923,0.006870710783220755
0.92,0.0014142135623730965,0.88,0.0073484692283495405,0.8996666666666666,0.003299831645537225,0.8996666666666666,0.003299831645537225,0.8981,0.0047377913278938795,0.8981,0.0047377913278938795
0.9076666666666666,0.008498365855987983,0.8726666666666668,0.008178562764256872,0.89,0.0,0.89,0.0,0.8884,0.001961292091114074,0.8884,0.001961292091114074
0.91,0.015577761927397245,0.8753333333333333,0.008576453553512412,0.892,0.0029439202887759515,0.892,0.0029439202887759515,0.8916000000000001,0.0016083117442420012,0.8916000000000001,0.0016083117442420012
0.8973333333333334,0.030641293851417086,0.878,0.005715476066494087,0.887,0.012027745701779155,0.887,0.012027745701779155,0.8871000000000001,0.009556498661469409,0.8871000000000001,0.009556498661469409
0.9083333333333333,0.012918548250050744,0.878,0.00509901951359279,0.8929999999999999,0.004242640687119289,0.8929999999999999,0.004242640687119289,0.8924,0.0024535688292770166,0.8924,0.0024535688292770166
0.9056666666666667,0.01724979871058083,0.8803333333333333,0.01302134998974975,0.8923333333333333,0.0030912061651652374,0.8923333333333333,0.0030912061651652374,0.8908,0.002325224003546029,0.8908,0.002325224003546029
0.8943333333333333,0.018979521127315695,0.8823333333333334,0.0016996731711975963,0.8886666666666666,0.009285592184789422,0.8886666666666666,0.009285592184789422,0.8881666666666668,0.007327725128275143,0.8881666666666668,0.007327725128275143
0.9053333333333334,0.010624918300339493,0.883,0.0035590260840104404,0.8936666666666667,0.0060184900284226015,0.8936666666666667,0.0060184900284226015,0.8934000000000001,0.005374011537017745,0.8934000000000001,0.005374011537017745
0.8913333333333333,0.008055363982396388,0.8823333333333334,0.005312459150169748,0.887,0.00489897948556636,0.887,0.00489897948556636,0.8866666666666667,0.004212943019895712,0.8866666666666667,0.004212943019895712
0.8956666666666667,0.005436502143433369,0.8849999999999999,0.006683312551921146,0.8903333333333334,0.005557777333511028,0.8903333333333334,0.005557777333511028,0.89,0.005103593505234027,0.89,0.005103593505234027
0.8763333333333333,0.030825674724525073,0.886,0.00244948974278318,0.8810000000000001,0.015253414918196748,0.8810000000000001,0.015253414918196748,0.8809666666666667,0.014191390191082679,0.8809666666666667,0.014191390191082679
0.8733333333333334,0.02619584360585136,0.8893333333333334,0.00368178700572909,0.8810000000000001,0.012569805089976547,0.8810000000000001,0.012569805089976547,0.8830666666666667,0.011572764963002089,0.8830666666666667,0.011572764963002089
0.9023333333333333,0.007717224601860157,0.887,0.004546060565661956,0.8946666666666667,0.005312459150169747,0.8946666666666667,0.005312459150169747,0.8950333333333331,0.005706915882408656,0.8950333333333331,0.005706915882408656
0.8893333333333334,0.017441967269268187,0.89,0.00489897948556636,0.8896666666666667,0.009843215373488942,0.8896666666666667,0.009843215373488942,0.8904333333333333,0.008572954890558782,0.8904333333333333,0.008572954890558782
0.8613333333333334,0.024073960113690406,0.8929999999999999,0.0037416573867739447,0.8766666666666666,0.013274871834493262,0.8766666666666666,0.013274871834493262,0.8805,0.011308698716769726,0.8805,0.011308698716769726
0.8693333333333334,0.019136933459209783,0.8873333333333333,0.00654896090146284,0.8780000000000001,0.010033277962194949,0.8780000000000001,0.010033277962194949,0.8805999999999999,0.00999899994999508,0.8805999999999999,0.00999899994999508
0.8713333333333333,0.030554141381415992,0.892,0.0021602468994692888,0.8810000000000001,0.01667333200053308,0.8810000000000001,0.01667333200053308,0.8850999999999999,0.013845817659736288,0.8850999999999999,0.013845817659736288
0.8746666666666667,0.016357125528513743,0.8856666666666667,0.007586537784494035,0.88,0.008286535263104043,0.88,0.008286535263104043,0.8824333333333335,0.008773191488215036,0.8824333333333335,0.008773191488215036
0.883,0.017146428199482262,0.8853333333333334,0.0041096093353126546,0.884,0.006683312551921147,0.884,0.006683312551921147,0.8848333333333334,0.008209073570683206,0.8848333333333334,0.008209073570683206
0.8786666666666667,0.016779617264870973,0.8803333333333333,0.011728408057172799,0.8793333333333333,0.008498365855987981,0.8793333333333333,0.008498365855987981,0.8819666666666667,0.00916563630572858,0.8819666666666667,0.00916563630572858
0.882,0.008602325267042634,0.8926666666666666,0.008653836657164788,0.887,0.0,0.887,0.0,0.8889333333333335,0.0016006942938057334,0.8889333333333335,0.0016006942938057334
0.8846666666666666,0.032097074979228625,0.8850000000000001,0.012569805089976547,0.8843333333333333,0.011728408057172799,0.8843333333333333,0.011728408057172799,0.8833333333333333,0.013310229983821557,0.8833333333333333,0.013310229983821557
0.9003333333333333,0.022528993664954422,0.8846666666666666,0.01007747763855399,0.892,0.0072571803523590874,0.892,0.0072571803523590874,0.8921999999999999,0.007965341591335946,0.8921999999999999,0.007965341591335946
0.8946666666666667,0.024087802353519577,0.8836666666666667,0.008730533902472538,0.8886666666666666,0.009741092797468313,0.8886666666666666,0.009741092797468313,0.8882333333333334,0.010702128552561583,0.8882333333333334,0.010702128552561583
0.9003333333333333,0.018571184369578844,0.8806666666666666,0.008339997335464543,0.8903333333333334,0.0060184900284226015,0.8903333333333334,0.0060184900284226015,0.8898666666666667,0.0065657359746558236,0.8898666666666667,0.0065657359746558236
0.8936666666666667,0.009809292646374783,0.8866666666666667,0.007760297817881884,0.8903333333333334,0.004988876515698593,0.8903333333333334,0.004988876515698593,0.8906666666666666,0.006100455356410298,0.8906666666666666,0.006100455356410298
0.9036666666666666,0.017133463034528545,0.8813333333333334,0.010530379332620885,0.8923333333333333,0.004921607686744471,0.8923333333333333,0.004921607686744471,0.8923666666666666,0.006944222218666559,0.8923666666666666,0.006944222218666559
0.898,0.01131370849898477,0.8896666666666667,0.004189935029992182,0.8936666666666667,0.005792715732327594,0.8936666666666667,0.005792715732327594,0.8938,0.007513099671019046,0.8938,0.007513099671019046
0.8883333333333333,0.028767265347188584,0.8913333333333333,0.006798692684790386,0.8893333333333334,0.012498888839501794,0.8893333333333334,0.012498888839501794,0.8887333333333333,0.013890124389491842,0.8887333333333333,0.013890124389491842
0.9006666666666666,0.01844511377634258,0.8890000000000001,0.0077888809636986215,0.8946666666666667,0.0068475461947247185,0.8946666666666667,0.0068475461947247185,0.8946333333333333,0.007436994614014983,0.8946333333333333,0.007436994614014983
0.8973333333333334,0.022866763848190013,0.8913333333333334,0.008013876853447545,0.8943333333333333,0.009977753031397186,0.8943333333333333,0.009977753031397186,0.8948666666666666,0.010428273533470856,0.8948666666666666,0.010428273533470856
0.9126666666666668,0.012283683848458862,0.8893333333333334,0.009428090415820642,0.9003333333333333,0.0036817870057290905,0.9003333333333333,0.0036817870057290905,0.9007666666666667,0.005118159391378452,0.9007666666666667,0.005118159391378452
0.9123333333333333,0.014659088951530693,0.8863333333333333,0.009463379711052268,0.899,0.0073484692283495405,0.899,0.0073484692283495405,0.8985333333333334,0.008807698652630855,0.8985333333333334,0.008807698652630855
0.9093333333333334,0.010873004286866737,0.8896666666666667,0.008219218670625309,0.899,0.0035590260840104404,0.899,0.0035590260840104404,0.8994333333333332,0.0015627610892974865,0.8994333333333332,0.0015627610892974865
0.9216666666666667,0.0037712361663282566,0.886,0.007874007874011818,0.9036666666666667,0.002624669291337273,0.9036666666666667,0.002624669291337273,0.9041333333333332,0.003512200956032468,0.9041333333333332,0.003512200956032468
0.9053333333333334,0.016357125528513743,0.8896666666666667,0.01033870827951389,0.8973333333333334,0.0060184900284226015,0.8973333333333334,0.0060184900284226015,0.8979000000000003,0.00881173460033077,0.8979000000000003,0.00881173460033077
0.924,0.008602325267042634,0.8816666666666667,0.007133644853010906,0.9023333333333333,0.002867441755680878,0.9023333333333333,0.002867441755680878,0.9021,0.005242772803266025,0.9021,0.005242772803266025
0.9203333333333333,0.0051854497287013536,0.8806666666666666,0.005312459150169748,0.9,0.0016329931618554536,0.9,0.0016329931618554536,0.9001,0.004270831300812532,0.9001,0.004270831300812532
0.9266666666666666,0.014727148022916317,0.8856666666666667,0.00736357401145818,0.9056666666666667,0.005185449728701353,0.9056666666666667,0.005185449728701353,0.9055,0.006772001181334726,0.9055,0.006772001181334726
0.9256666666666667,0.01913693345920975,0.8853333333333334,0.004988876515698593,0.9043333333333333,0.006649979114420007,0.9043333333333333,0.006649979114420007,0.9042333333333333,0.008406875493044717,0.9042333333333333,0.008406875493044717
0.918,0.013928388277184131,0.8863333333333333,0.011025223605694162,0.902,0.00509901951359279,0.902,0.00509901951359279,0.9018,0.006696765388354894,0.9018,0.006696765388354894
0.9276666666666666,0.016819301082057123,0.8813333333333334,0.004189935029992182,0.9036666666666666,0.006128258770283417,0.9036666666666666,0.006128258770283417,0.9035333333333333,0.00732772512827519,0.9035333333333333,0.00732772512827519
0.9276666666666668,0.01271045064329171,0.8799999999999999,0.010033277962194949,0.903,0.00748331477354789,0.903,0.00748331477354789,0.9027333333333333,0.008820556797743738,0.9027333333333333,0.008820556797743738
0.919,0.009933109617167568,0.8846666666666666,0.004642796092394711,0.9016666666666667,0.004921607686744471,0.9016666666666667,0.004921607686744471,0.9019,0.0062327094161901625,0.9019,0.0062327094161901625
0.9283333333333333,0.010873004286866687,0.8846666666666666,0.007318166133366723,0.906,0.0032659863237109073,0.906,0.0032659863237109073,0.9060666666666667,0.00414273125150819,0.9060666666666667,0.00414273125150819
0.9289999999999999,0.010677078252031269,0.8813333333333334,0.0012472191289246482,0.9043333333333333,0.004784233364802446,0.9043333333333333,0.004784233364802446,0.9041333333333333,0.006421491692399478,0.9041333333333333,0.006421491692399478
0.93,0.012754084313139288,0.88,0.004242640687119289,0.9043333333333333,0.004988876515698593,0.9043333333333333,0.004988876515698593,0.9041,0.006334561284466936,0.9041,0.006334561284466936
0.926,0.014514360704718123,0.8856666666666667,0.005249338582674546,0.9050000000000001,0.005715476066494087,0.9050000000000001,0.005715476066494087,0.9052000000000001,0.0062870236731434525,0.9052000000000001,0.0062870236731434525
0.922,0.012675435561220994,0.883,0.005656854249492385,0.9023333333333333,0.004027681991198194,0.9023333333333333,0.004027681991198194,0.9020666666666667,0.005151267373720294,0.9020666666666667,0.005151267373720294
0.923,0.018779421361337673,0.8773333333333334,0.004714045207910321,0.8993333333333333,0.00659966329107445,0.8993333333333333,0.00659966329107445,0.8986333333333333,0.008864285394523044,0.8986333333333333,0.008864285394523044
0.9236666666666666,0.015326085243430163,0.8816666666666667,0.0060184900284226015,0.9016666666666667,0.005906681715556456,0.9016666666666667,0.005906681715556456,0.9017333333333334,0.007429819797425941,0.9017333333333334,0.007429819797425941
0.9289999999999999,0.00748331477354784,0.884,0.0043204937989385775,0.906,0.0029439202887759515,0.906,0.0029439202887759515,0.9058999999999999,0.004518849411078007,0.9058999999999999,0.004518849411078007
0.916,0.0197989898732233,0.8850000000000001,0.007118052168020881,0.8996666666666667,0.006649979114420007,0.8996666666666667,0.006649979114420007,0.8997999999999999,0.007315736463268717,0.8997999999999999,0.007315736463268717
0.9213333333333334,0.014613540144521944,0.8823333333333334,0.010498677165349092,0.9013333333333334,0.005249338582674546,0.9013333333333334,0.005249338582674546,0.9016000000000001,0.006521247324451685,0.9016000000000001,0.006521247324451685
0.9199999999999999,0.014306175822583256,0.8849999999999999,0.005354126134736342,0.9016666666666667,0.006182412330330475,0.9016666666666667,0.006182412330330475,0.9020666666666667,0.007314065596886303,0.9020666666666667,0.007314065596886303
0.9183333333333333,0.015456030825826134,0.8933333333333334,0.004714045207910321,0.9056666666666667,0.00654896090146284,0.9056666666666667,0.00654896090146284,0.9053999999999999,0.007640680597957292,0.9053999999999999,0.007640680597957292
0.9233333333333333,0.014704496666741812,0.8850000000000001,0.010230672835481881,0.9033333333333333,0.003299831645537225,0.9033333333333333,0.003299831645537225,0.9033333333333333,0.003493167935015789,0.9033333333333333,0.003493167935015789
0.9193333333333333,0.014704496666741812,0.8833333333333333,0.005436502143433369,0.9010000000000001,0.005887840577551903,0.9010000000000001,0.005887840577551903,0.9014000000000001,0.006403644795479191,0.9014000000000001,0.006403644795479191
0.9213333333333334,0.013424687043734805,0.8866666666666667,0.005312459150169747,0.9036666666666667,0.0037712361663282566,0.9036666666666667,0.0037712361663282566,0.9036333333333332,0.0038212854149124458,0.9036333333333332,0.0038212854149124458
0.9156666666666666,0.016499158227686123,0.8863333333333333,0.011469767022723513,0.9006666666666666,0.008219218670625309,0.9006666666666666,0.008219218670625309,0.9008999999999999,0.008314244804350257,0.9008999999999999,0.008314244804350257
0.93,0.011343133018115662,0.882,0.008831760866327854,0.9053333333333334,0.0009428090415820641,0.9053333333333334,0.0009428090415820641,0.9055666666666667,0.001936204764194398,0.9055666666666667,0.001936204764194398
0.926,0.0128322510366134,0.8873333333333333,0.007717224601860157,0.906,0.004082482904638634,0.906,0.004082482904638634,0.9061666666666667,0.004837584337479028,0.9061666666666667,0.004837584337479028
0.9286666666666666,0.015326085243430163,0.8836666666666666,0.009392668535736923,0.9056666666666667,0.0023570226039551605,0.9056666666666667,0.0023570226039551605,0.9051333333333335,0.0034883934538535413,0.9051333333333335,0.0034883934538535413
0.923,0.017048949136725857,0.8886666666666666,0.009533566430716737,0.9053333333333334,0.0041096093353126546,0.9053333333333334,0.0041096093353126546,0.9049333333333333,0.004457453184150002,0.9049333333333333,0.004457453184150002
0.9216666666666667,0.011115554667022054,0.8883333333333333,0.009285592184789422,0.9046666666666668,0.004784233364802446,0.9046666666666668,0.004784233364802446,0.9044,0.005376492040974928,0.9044,0.005376492040974928
0.924,0.01208304597359453,0.884,0.007874007874011818,0.9036666666666667,0.004189935029992182,0.9036666666666667,0.004189935029992182,0.9037999999999999,0.004901020301937189,0.9037999999999999,0.004901020301937189
0.9283333333333333,0.005249338582674546,0.8903333333333334,0.005734883511361756,0.9090000000000001,0.0016329931618554536,0.9090000000000001,0.0016329931618554536,0.9092333333333334,0.000825967446224143,0.9092333333333334,0.000825967446224143
0.9273333333333333,0.0068475461947247185,0.8883333333333333,0.006798692684790386,0.9073333333333334,0.0012472191289246482,0.9073333333333334,0.0012472191289246482,0.9074333333333334,0.0011115554667022708,0.9074333333333334,0.0011115554667022708
0.9233333333333333,0.01181336343111286,0.886,0.012569805089976547,0.904,0.0014142135623730963,0.904,0.0014142135623730963,0.9038999999999998,0.0014165686240583677,0.9038999999999998,0.0014165686240583677
0.9313333333333333,0.00821921867062526,0.8813333333333334,0.014522013940527989,0.9053333333333334,0.0038586123009300786,0.9053333333333334,0.0038586123009300786,0.9054666666666668,0.0036012343562851433,0.9054666666666668,0.0036012343562851433
0.922,0.009626352718795776,0.8853333333333334,0.013888444437333117,0.903,0.0029439202887759515,0.903,0.0029439202887759515,0.9037333333333333,0.002315647257727852,0.9037333333333333,0.002315647257727852
0.922,0.007788880963698622,0.8873333333333333,0.009977753031397186,0.9043333333333333,0.003299831645537225,0.9043333333333333,0.003299831645537225,0.9044666666666666,0.002080598204576885,0.9044666666666666,0.002080598204576885
0.9243333333333332,0.012036980056845151,0.8903333333333333,0.010338708279513891,0.907,0.0,0.907,0.0,0.9069333333333334,0.0004642796092394195,0.9069333333333334,0.0004642796092394195
0.927,0.004242640687119289,0.891,0.004546060565661956,0.9086666666666666,0.0012472191289246482,0.9086666666666666,0.0012472191289246482,0.9088666666666668,0.0004189935029991334,0.9088666666666668,0.0004189935029991334
0.9283333333333333,0.013274871834493213,0.8866666666666667,0.011145502331533668,0.9066666666666667,0.002867441755680878,0.9066666666666667,0.002867441755680878,0.9067999999999999,0.0029200456617434396,0.9067999999999999,0.0029200456617434396
0.924,0.004966554808583784,0.8896666666666667,0.008178562764256872,0.9063333333333334,0.004496912521077351,0.9063333333333334,0.004496912521077351,0.9067,0.0033296646477786393,0.9067,0.0033296646477786393
0.9243333333333333,0.007039570693980965,0.8886666666666666,0.0068475461947247185,0.906,0.0021602468994692888,0.906,0.0021602468994692888,0.906,0.0022464787260659254,0.906,0.0022464787260659254
0.9226666666666667,0.006798692684790386,0.8883333333333333,0.005185449728701353,0.9050000000000001,0.005354126134736342,0.9050000000000001,0.005354126134736342,0.9053999999999999,0.004276291227999594,0.9053999999999999,0.004276291227999594
0.9250000000000002,0.004966554808583784,0.8896666666666667,0.008993825042154702,0.9066666666666667,0.0036817870057290905,0.9066666666666667,0.0036817870057290905,0.9072666666666667,0.0030214051182998925,0.9072666666666667,0.0030214051182998925
0.9283333333333333,0.014055445761538653,0.8873333333333333,0.005185449728701353,0.9073333333333333,0.005249338582674546,0.9073333333333333,0.005249338582674546,0.9072666666666667,0.004923639123882098,0.9072666666666667,0.004923639123882098
0.9289999999999999,0.00941629792788365,0.8843333333333333,0.010338708279513891,0.906,0.0035590260840104404,0.906,0.0035590260840104404,0.9052666666666666,0.0032724438710066014,0.9052666666666666,0.0032724438710066014
0.9279999999999999,0.012675435561220994,0.8883333333333333,0.003299831645537225,0.908,0.005887840577551903,0.908,0.005887840577551903,0.9071333333333333,0.006646469405297461,0.9071333333333333,0.006646469405297461
0.9263333333333335,0.00654896090146284,0.888,0.002828427124746193,0.9066666666666667,0.003299831645537225,0.9066666666666667,0.003299831645537225,0.9064000000000001,0.004305810028322254,0.9064000000000001,0.004305810028322254
0.93,0.011224972160321795,0.8889999999999999,0.0032659863237109073,0.9093333333333334,0.005185449728701353,0.9093333333333334,0.005185449728701353,0.9086333333333334,0.00563106463192258,0.9086333333333334,0.00563106463192258
0.9333333333333332,0.011897712198383124,0.8856666666666667,0.006342099196813488,0.9090000000000001,0.005354126134736342,0.9090000000000001,0.005354126134736342,0.9086,0.00583152352877594,0.9086,0.00583152352877594
