P_model,P_model_std,R_model,R_model_std,F1_model_micro_one_lab,F1_model_micro_one_lab_std,F1_model_micro_one_boost,F1_model_micro_one_boost_std,F1_model_micro_mult_lab,F1_model_micro_mult_lab_std,F1_model_micro_mult_boost,F1_model_micro_mult_boost_std,F1_model_micro_mult_transfer_boost,F1_model_micro_mult_transfer_boost_std,F1_model_macro_one_lab,F1_model_macro_one_lab_std,F1_model_macro_one_boost,F1_model_macro_one_boost_std,F1_model_macro_mult_lab,F1_model_macro_mult_lab_std,F1_model_macro_mult_boost,F1_model_macro_mult_boost_std,F1_model_macro_mult_transfer_boost,F1_model_macro_mult_transfer_boost_std
0.049666666666666665,0.00771722460186015,0.8039999999999999,0.11437074217939948,0.09299999999999999,0.013589211407093007,0.09299999999999999,0.013589211407093007,0.10894918699500168,0.00014835072174703586,0.10894918699500168,0.00014835072174703586,0.10894918699500168,0.00014835072174703586,0.1716333333333333,0.0690826718906815,0.1716333333333333,0.0690826718906815,0.2152333333333333,0.002898658693641298,0.2152333333333333,0.002898658693641298,0.2152333333333333,0.002898658693641298
0.12233333333333334,0.0576040122059412,0.7543333333333333,0.07348620429864519,0.2026666666666667,0.08833773573935183,0.2026666666666667,0.08833773573935183,0.12096624216722535,0.008510191861180441,0.12096624216722535,0.008510191861180441,0.12096624216722535,0.008510191861180441,0.20986666666666665,0.09760178732425387,0.20986666666666665,0.09760178732425387,0.2541999999999999,0.027630418020724898,0.2541999999999999,0.027630418020724898,0.2541999999999999,0.027630418020724898
0.079,0.02843706501498821,0.6893333333333332,0.022939534045446977,0.1406666666666667,0.04543371239753827,0.1406666666666667,0.04543371239753827,0.12625748566120698,0.0010564864863424935,0.12625748566120698,0.0010564864863424935,0.12625748566120698,0.0010564864863424935,0.1729333333333333,0.06496821445052102,0.1729333333333333,0.06496821445052102,0.2696333333333333,0.006001296156294527,0.2696333333333333,0.006001296156294527,0.2696333333333333,0.006001296156294527
0.11666666666666665,0.045726238516730064,0.7216666666666667,0.05680571176289308,0.19733333333333333,0.07100391225528038,0.19733333333333333,0.07100391225528038,0.14169598208063702,0.010600627808592488,0.14169598208063702,0.010600627808592488,0.14169598208063702,0.010600627808592488,0.20109999999999997,0.07966090634683991,0.20109999999999997,0.07966090634683991,0.2988,0.016237610661670617,0.2988,0.016237610661670617,0.2988,0.016237610661670617
0.11366666666666665,0.04360682923070141,0.672,0.06522269543648132,0.19000000000000003,0.06586349520030045,0.19000000000000003,0.06586349520030045,0.1673960022110695,0.017579218275526925,0.1673960022110695,0.017579218275526925,0.1673960022110695,0.017579218275526925,0.18333333333333335,0.07174660657867768,0.18333333333333335,0.07174660657867768,0.33346666666666663,0.022219710969217276,0.33346666666666663,0.022219710969217276,0.33346666666666663,0.022219710969217276
0.14766666666666667,0.08023853327561654,0.6353333333333332,0.04216106682183878,0.231,0.10496030995889193,0.231,0.10496030995889193,0.19903275350413652,0.030734267402628683,0.19903275350413652,0.030734267402628683,0.19903275350413652,0.030734267402628683,0.23040000000000002,0.12922664843857348,0.23040000000000002,0.12922664843857348,0.3468,0.019791580701567724,0.3468,0.019791580701567724,0.3468,0.019791580701567724
0.33433333333333337,0.21868140194254188,0.6766666666666666,0.0328667342798493,0.41100000000000003,0.18906083676954358,0.41100000000000003,0.18906083676954358,0.20433999621743845,0.02659170877989626,0.20433999621743845,0.02659170877989626,0.20433999621743845,0.02659170877989626,0.40546666666666664,0.18642303744143024,0.40546666666666664,0.18642303744143024,0.3472666666666666,0.019262629334773823,0.3472666666666666,0.019262629334773823,0.3472666666666666,0.019262629334773823
0.21999999999999997,0.09865427850157674,0.6753333333333332,0.15510498236857367,0.32833333333333337,0.13030818171635355,0.32833333333333337,0.13030818171635355,0.2196912119717601,0.02274564497332573,0.2196912119717601,0.02274564497332573,0.2196912119717601,0.02274564497332573,0.328,0.1431036687160745,0.328,0.1431036687160745,0.3499999999999999,0.0078055535784892615,0.3499999999999999,0.0078055535784892615,0.3499999999999999,0.0078055535784892615
0.22133333333333335,0.12370484585855515,0.6773333333333333,0.018624953392931957,0.314,0.14600228308717184,0.314,0.14600228308717184,0.21525436568916412,0.022624137200468852,0.21525436568916412,0.022624137200468852,0.21525436568916412,0.022624137200468852,0.3138666666666667,0.13539291791752706,0.3138666666666667,0.13539291791752706,0.3553,0.005880476171195633,0.3553,0.005880476171195633,0.3553,0.005880476171195633
0.45366666666666666,0.2794760971691298,0.7993333333333333,0.04899206284922305,0.5056666666666666,0.2795977269022209,0.5056666666666666,0.2795977269022209,0.2400909419538292,0.02516340474067527,0.2400909419538292,0.02516340474067527,0.2400909419538292,0.02516340474067527,0.48933333333333334,0.26753616993263213,0.48933333333333334,0.26753616993263213,0.3597666666666666,0.031087439407080274,0.3597666666666666,0.031087439407080274,0.3597666666666666,0.031087439407080274
0.43599999999999994,0.17873070991485115,0.6756666666666667,0.03536790761253608,0.509,0.1576895684565089,0.509,0.1576895684565089,0.24178384973068293,0.02295041655376442,0.24178384973068293,0.02295041655376442,0.24178384973068293,0.02295041655376442,0.4912666666666667,0.15296026353998682,0.4912666666666667,0.15296026353998682,0.36833333333333335,0.021787662155959318,0.36833333333333335,0.021787662155959318,0.36833333333333335,0.021787662155959318
0.45566666666666666,0.10432747587391455,0.6626666666666666,0.07715928690414105,0.532,0.07647657593450866,0.532,0.07647657593450866,0.31634819895012317,0.07469273219667748,0.31634819895012317,0.07469273219667748,0.31634819895012317,0.07469273219667748,0.5276666666666666,0.054573640360729335,0.5276666666666666,0.054573640360729335,0.4024666666666666,0.010329676772398188,0.4024666666666666,0.010329676772398188,0.4024666666666666,0.010329676772398188
0.421,0.19672823894906394,0.6846666666666666,0.02449943310001725,0.49566666666666664,0.14549303152461363,0.49566666666666664,0.14549303152461363,0.3147525897039149,0.07395152756287256,0.3147525897039149,0.07395152756287256,0.3147525897039149,0.07395152756287256,0.4930666666666667,0.14096187033694216,0.4930666666666667,0.14096187033694216,0.39896666666666664,0.005724993934979812,0.39896666666666664,0.005724993934979812,0.39896666666666664,0.005724993934979812
0.5483333333333333,0.12320533898965398,0.6763333333333333,0.06859219262342392,0.5903333333333333,0.04428945196720722,0.5903333333333333,0.04428945196720722,0.30999563122770285,0.0772953204035198,0.30999563122770285,0.0772953204035198,0.30999563122770285,0.0772953204035198,0.5514666666666667,0.014805704606295813,0.5514666666666667,0.014805704606295813,0.38883333333333336,0.014590483961206439,0.38883333333333336,0.014590483961206439,0.38883333333333336,0.014590483961206439
0.36400000000000005,0.18369721464046934,0.684,0.05329790489941107,0.4443333333333333,0.13241936749920266,0.4443333333333333,0.13241936749920266,0.37540302466428815,0.08402490176222835,0.37540302466428815,0.08402490176222835,0.37540302466428815,0.08402490176222835,0.46083333333333326,0.08613827385211652,0.46083333333333326,0.08613827385211652,0.4058,0.012903746226064253,0.4058,0.012903746226064253,0.4058,0.012903746226064253
0.5206666666666667,0.23893699773975752,0.7156666666666666,0.11557777564143643,0.5459999999999999,0.13787917415863307,0.5459999999999999,0.13787917415863307,0.3740669612640612,0.08669805536397283,0.3740669612640612,0.08669805536397283,0.3740669612640612,0.08669805536397283,0.5155,0.11918492633998089,0.5155,0.11918492633998089,0.39876666666666666,0.024135220920656383,0.39876666666666666,0.024135220920656383,0.39876666666666666,0.024135220920656383
0.6313333333333334,0.12185875247825066,0.6686666666666667,0.08606328420928923,0.6333333333333333,0.021684607956387478,0.6333333333333333,0.021684607956387478,0.36886582210519303,0.09544980696623476,0.36886582210519303,0.09544980696623476,0.36886582210519303,0.09544980696623476,0.6010666666666667,0.013411520752281974,0.6010666666666667,0.013411520752281974,0.3926,0.0404381832760408,0.3926,0.0404381832760408,0.3926,0.0404381832760408
0.48633333333333334,0.1704393016752754,0.6576666666666666,0.045733527696379984,0.5379999999999999,0.10988478814952808,0.5379999999999999,0.10988478814952808,0.38241701744136275,0.11921922248406698,0.38241701744136275,0.11921922248406698,0.38241701744136275,0.11921922248406698,0.5222000000000001,0.08042764864564093,0.5222000000000001,0.08042764864564093,0.38470000000000004,0.0672729266991311,0.38470000000000004,0.0672729266991311,0.38470000000000004,0.0672729266991311
0.48333333333333334,0.042944408509399956,0.691,0.10454026337572841,0.5673333333333334,0.06135325763333372,0.5673333333333334,0.06135325763333372,0.3288485588341367,0.08744035038760287,0.3288485588341367,0.08744035038760287,0.3288485588341367,0.08744035038760287,0.5649000000000001,0.04850731903537856,0.5649000000000001,0.04850731903537856,0.36910000000000004,0.055538515164403425,0.36910000000000004,0.055538515164403425,0.36910000000000004,0.055538515164403425
0.5186666666666667,0.025223445883190174,0.7583333333333334,0.03241741644377125,0.615,0.007874007874011818,0.615,0.007874007874011818,0.3874069222516315,0.07434930489545723,0.3874069222516315,0.07434930489545723,0.3874069222516315,0.07434930489545723,0.6047333333333332,0.015654037462868427,0.6047333333333332,0.015654037462868427,0.38409999999999994,0.07087919299766329,0.38409999999999994,0.07087919299766329,0.38409999999999994,0.07087919299766329
0.6326666666666666,0.06993965653015143,0.721,0.01104536101718727,0.6709999999999999,0.03747888294315434,0.6709999999999999,0.03747888294315434,0.3702230085950236,0.05378970227572577,0.3702230085950236,0.05378970227572577,0.3702230085950236,0.05378970227572577,0.6399333333333334,0.042879391579431506,0.6399333333333334,0.042879391579431506,0.3817333333333333,0.06939780656155899,0.3817333333333333,0.06939780656155899,0.3817333333333333,0.06939780656155899
0.6533333333333334,0.09597337593775103,0.6923333333333334,0.04368320297576885,0.665,0.03353605025441527,0.7843333333333334,0.036808815369268374,0.3771233514580543,0.047824171535431705,0.8169505401399647,0.02874644899075709,0.8169789032257181,0.027121387568259412,0.6339,0.03949236213075466,0.7828333333333335,0.04206188562371189,0.3953,0.05029532781481799,0.82,0.03130409983798717,0.8199333333333333,0.029795898300866108
0.5946666666666667,0.19894611219009925,0.6873333333333335,0.026948510575210294,0.6166666666666667,0.1315151026392871,0.8583333333333334,0.011728408057172797,0.38460214368770523,0.057966924841949256,0.8462752793466519,0.021201350862692443,0.8474335941945667,0.02329088814967248,0.6143,0.09647272498829225,0.8521666666666666,0.013953334925943596,0.4053,0.057009999122960904,0.8506333333333332,0.023013812277750796,0.8515333333333333,0.02483348993239216
0.45566666666666666,0.20463028992687166,0.7003333333333334,0.019189117286165645,0.5303333333333333,0.14402854655318237,0.8369999999999999,0.009899494936611674,0.3968005528976805,0.049371119245713566,0.8297471644377555,0.003552097827364686,0.8286313497108249,0.005826654239384948,0.5369666666666667,0.13651315768900163,0.8306333333333334,0.008064049162107704,0.4297333333333333,0.040605117356751416,0.8334333333333334,0.0024944382578492965,0.8318333333333333,0.005461583002105509
0.28800000000000003,0.020832666655999657,0.7646666666666667,0.05558377061297256,0.41700000000000004,0.01574801574802361,0.7959999999999999,0.03569313659514947,0.3952847136871967,0.06115030955618,0.8160136737715892,0.014884299081551363,0.8143428261002749,0.01258599267196819,0.4969666666666666,0.03527948727266628,0.7900666666666667,0.03667754384118735,0.4192666666666667,0.024429808749876804,0.8180999999999999,0.018639921315999827,0.816,0.015839191898578662
0.38033333333333336,0.14636332266733432,0.7410000000000001,0.04157723736212719,0.48866666666666664,0.12269293197065413,0.8423333333333334,0.039752009033786215,0.31208486910582783,0.0323155765602178,0.8596979428423553,0.026338666383931588,0.8630280043996322,0.027766440610425436,0.5395333333333333,0.09263783724207346,0.8403999999999999,0.03942596437205645,0.41896666666666665,0.008235020070136765,0.8641333333333333,0.023574044106931563,0.8672999999999998,0.02486925813127521
0.3376666666666666,0.08296719565922157,0.721,0.05697367813297647,0.4533333333333333,0.07239858807708585,0.8476666666666666,0.0020548046676563273,0.31465563543607855,0.030363250131284356,0.864895473786144,0.009988480380506027,0.8652154942329586,0.01166852354324121,0.5251666666666667,0.04001185935305791,0.8450333333333333,0.0022171052197753893,0.4353666666666667,0.013269095255098985,0.8706666666666666,0.008888319426203248,0.8715,0.009911609354691129
0.36433333333333334,0.14928570669096963,0.7346666666666666,0.0661379030679248,0.46900000000000003,0.12446150676681793,0.8543333333333334,0.036627251542472504,0.3126256199505561,0.025324968099309567,0.8675629020356445,0.02487628081934417,0.8685702501635443,0.02416580375236452,0.5236333333333333,0.08146370698388056,0.8522333333333333,0.037512427570369516,0.4389,0.017076884961842453,0.871,0.02200469646840564,0.8719333333333333,0.021526159795828847
0.589,0.1267543556122103,0.711,0.06174679478860962,0.6413333333333334,0.10146044658990135,0.863,0.01913112646970901,0.3219053410843942,0.030316835584133516,0.8744467507501511,0.012024959050299506,0.8758147961486281,0.010497721940682578,0.6407666666666667,0.09065069712301657,0.8593000000000001,0.020804967355578022,0.45790000000000003,0.012567683424826826,0.8770333333333333,0.012411106137470472,0.8783666666666666,0.010789604049989753
0.4573333333333333,0.09159451706055093,0.7143333333333333,0.08653836657164783,0.5486666666666666,0.06760834925428139,0.856,0.0171075032271418,0.37605704058539713,0.09344163267638983,0.8709361193613699,0.015536179863713834,0.8705096524793675,0.014583708085337141,0.5781999999999999,0.05053559801433709,0.8515,0.019350107665505795,0.49286666666666673,0.04748265180276081,0.8724333333333334,0.01567723048103695,0.872,0.01443629684741441
0.5559999999999999,0.1601436854827564,0.7386666666666667,0.05398971095392981,0.6263333333333333,0.1286865269646447,0.8683333333333333,0.005792715732327594,0.3245408451828107,0.02624704516948651,0.8648634055982386,0.01789270259942959,0.8668385719562451,0.01793137352375183,0.6419666666666667,0.10769699263313809,0.8659666666666667,0.006304671989000594,0.4769333333333334,0.027453273433640322,0.8663666666666666,0.01854046625327656,0.8682000000000002,0.018248835579291064
0.5066666666666667,0.2123681290170967,0.7696666666666666,0.059252754272598074,0.5716666666666667,0.16427889564869722,0.8656666666666667,0.021076579946049667,0.302280609848151,0.04900328254880091,0.8665814812468788,0.02331007306454138,0.8652726698610854,0.0246005469055017,0.5883999999999999,0.10719990671637734,0.8626333333333335,0.02261331957546752,0.47669999999999996,0.07013762661130375,0.8678666666666667,0.0234509890812497,0.8663666666666666,0.024818317607946096
0.4333333333333333,0.15162746746183187,0.7616666666666667,0.05237259673616431,0.5296666666666666,0.12400089605411012,0.862,0.018184242262647823,0.32709299172053774,0.02365874323696391,0.8662792167727424,0.024970163254541215,0.8646570087692984,0.027498728999660202,0.5626666666666666,0.07493718851292874,0.8589000000000001,0.019510168289040137,0.5050666666666667,0.030105628857223486,0.8686333333333334,0.0242798041361311,0.8665333333333333,0.026778888865837697
0.5533333333333333,0.22792591388918948,0.7166666666666667,0.1079331068558464,0.576,0.15728318409798295,0.8609999999999999,0.02409702609590378,0.31704243300206164,0.014311131343608273,0.865285838218321,0.020159052555969975,0.8655782482189588,0.021650514923161807,0.5914666666666667,0.1049820725436279,0.8577333333333333,0.026195461863120915,0.49023333333333335,0.031223103981222335,0.8676333333333334,0.02015776663114129,0.8683333333333335,0.021646298118205367
0.6373333333333334,0.13344745116420254,0.719,0.0981868966138897,0.6736666666666666,0.11641973868530867,0.8713333333333333,0.011897712198383174,0.3102854177218512,0.01910939973568659,0.8789182151624116,0.017070679765607298,0.8789745334249802,0.01710976106486051,0.6626333333333333,0.1275551209826124,0.8685333333333333,0.012682358701054811,0.4784,0.023772392952049803,0.8807333333333333,0.01661853048724691,0.8810333333333333,0.016801653357796587
0.5596666666666666,0.2364745699271324,0.729,0.12290104420494835,0.578,0.16046391079201164,0.8683333333333333,0.012970050972229157,0.32493728829117685,0.039786899238937246,0.8804460956422456,0.017269519424504793,0.8819732950740051,0.015910648331790414,0.5888,0.11026685812155891,0.8661333333333333,0.013695092389449385,0.5069666666666667,0.05178064846596224,0.8829333333333333,0.01737245584890706,0.8846666666666666,0.015627610892974736
0.44333333333333336,0.19210818711225078,0.7333333333333334,0.11964484480699071,0.509,0.09785703858180056,0.8730000000000001,0.01699019324983289,0.32360220668345835,0.03789954197611536,0.8873205549433814,0.010712024763627558,0.8861524373786042,0.010515286273565289,0.5262666666666668,0.04535815496933518,0.8703,0.01767163452164704,0.5012,0.0446310056649709,0.8887,0.012159769734661945,0.8877666666666667,0.012047221901980359
0.586,0.1137453295744489,0.7473333333333333,0.10716135290092017,0.6553333333333334,0.10687167798605744,0.868,0.013140268896284694,0.32360220668345835,0.03789954197611536,0.8797544440089308,0.016892121826970072,0.8824526706414174,0.013267841021987845,0.6437333333333334,0.11820311144616943,0.8658,0.014333410852503474,0.5012,0.0446310056649709,0.8806000000000002,0.0178920839106759,0.8826,0.014662196288414624
0.6853333333333333,0.09077934175179336,0.7486666666666667,0.09821857710682277,0.7080000000000001,0.06481255022498858,0.8656666666666667,0.01302134998974975,0.3181483093852449,0.04391668423415288,0.880891730439121,0.01565437218300951,0.8807306015153157,0.01618176609108321,0.6889666666666668,0.07439347342938686,0.8628,0.014121142541121358,0.5061333333333332,0.05835159714085715,0.8811333333333334,0.01680403390723651,0.8812333333333333,0.01766433946936284
0.615,0.040431011200150184,0.7336666666666667,0.06577402391690981,0.665,0.012727922061357866,0.8776666666666667,0.007133644853010906,0.31813521670110106,0.043923442998701163,0.8833825267437092,0.014420599270956192,0.8823448686940085,0.013751610882273712,0.6500666666666667,0.013964080906223498,0.8748333333333335,0.008054122477892237,0.5059999999999999,0.058489372253997265,0.8847333333333335,0.01529582368564121,0.8835666666666667,0.014601902463568198
0.706,0.02592296279363141,0.7023333333333334,0.05680571176289308,0.7023333333333334,0.029044027881055926,0.8763333333333333,0.011469767022723513,0.3155893624500788,0.04528027027512607,0.8867230218437597,0.01528359938829157,0.8871284513998751,0.01761651754959854,0.6889333333333334,0.03704648731286441,0.8743,0.011462402307835299,0.5008666666666667,0.06423318629977978,0.8879666666666667,0.016750986703939368,0.8877666666666668,0.019160085826762124
0.48066666666666674,0.20954288874171373,0.7210000000000001,0.061470860305242736,0.5566666666666666,0.16866205527292996,0.8776666666666667,0.00654896090146284,0.32600780137756913,0.06304722436541242,0.8852649433293814,0.008764447624456412,0.885862765687874,0.01082076002927845,0.6291666666666667,0.14885823979731708,0.8754000000000003,0.006941661664664025,0.48736666666666667,0.08457865504303601,0.8868666666666666,0.010190627502214415,0.8872666666666668,0.01208562047319962
0.6733333333333332,0.21802497308539884,0.755,0.02031419864692347,0.6869999999999999,0.13369367973094318,0.8796666666666667,0.011813363431112911,0.3247803918393188,0.06238420997088621,0.891521249558096,0.004225565677249696,0.8926955296480023,0.005355787812849107,0.7205333333333334,0.06810023657978162,0.8770666666666666,0.012012863475828205,0.48656666666666665,0.08448843444848263,0.8922666666666667,0.0038792897402604104,0.8929666666666667,0.004668571040003043
0.432,0.23779402852048243,0.775,0.030539591789456984,0.5213333333333333,0.1838664974618511,0.8736666666666667,0.0009428090415820641,0.33952910890273696,0.07156601387794513,0.8862211765548205,0.01302184815321981,0.8870802686475964,0.012431367999289048,0.5639,0.15016817239348684,0.8704666666666666,0.0015839472494022482,0.5169,0.09497083762924279,0.8882666666666666,0.011685984007443322,0.8891999999999999,0.010720385565205428
0.4373333333333333,0.21565455916555276,0.7626666666666667,0.04199470866139637,0.527,0.16966044520354964,0.8530000000000001,0.0347083083233203,0.35871083496357997,0.09251606401362604,0.8788169303401272,0.017941109722893676,0.8796551939419489,0.01561064328587549,0.5963333333333333,0.14072134008584322,0.8518666666666667,0.03368108602102304,0.5327000000000001,0.10174271472690313,0.8814333333333334,0.013898281268639835,0.8825333333333333,0.011567291049429893
0.48299999999999993,0.09592010564353369,0.7223333333333333,0.004642796092394711,0.5733333333333334,0.07331363371767144,0.8513333333333334,0.02976948474902145,0.36077115780829533,0.09148652357923612,0.8768686160862176,0.024231293032067672,0.8749647344558658,0.024951418677424266,0.6289333333333333,0.03833469562796715,0.8494666666666667,0.02745873671934348,0.5454333333333333,0.0869038677057714,0.8789666666666666,0.020200715058850988,0.8771333333333334,0.020949038694465696
0.5690000000000001,0.1842516395223301,0.7060000000000001,0.05903106526793047,0.6186666666666666,0.14016736028365837,0.8446666666666666,0.022484562605386758,0.3644312925565134,0.08669846415112041,0.8741184614235031,0.02489827825022923,0.8742227285829851,0.02719419619953361,0.6242666666666666,0.13744032240293322,0.8427666666666666,0.020017048289451275,0.549,0.08195856676801193,0.8764666666666666,0.021401920993738437,0.8761999999999999,0.024116522690194445
0.5499999999999999,0.19475796945610896,0.7216666666666667,0.025090945688745106,0.607,0.144639782448214,0.8643333333333333,0.0030912061651652374,0.3802419782339354,0.11217901710943122,0.8803401869857203,0.01763928033489689,0.879554760245184,0.016917448694947993,0.6442,0.08767397941616811,0.8616333333333333,0.003919467083956906,0.5451666666666666,0.08250387196301084,0.8831333333333333,0.014791063367978575,0.8824666666666667,0.014613540144521956
0.672,0.09342733361638163,0.7303333333333333,0.05730813399703591,0.6963333333333335,0.05953896949804295,0.868,0.006164414002968982,0.3758164754037337,0.11812565705235219,0.8810459589348408,0.010178303938231012,0.8815853968154225,0.010626587141100065,0.6989666666666666,0.04976185509225138,0.8632666666666667,0.005165483735549124,0.5374333333333333,0.09379887466749741,0.8833333333333334,0.009213154846317385,0.8831666666666665,0.00901344674484864
0.5763333333333334,0.10169999453731,0.703,0.052921325254255185,0.6303333333333333,0.07930251502246877,0.8776666666666667,0.014636332266733446,0.33349764881492794,0.07010789197807046,0.8822194945080121,0.0039282916144710136,0.8821196926299155,0.002322125654269424,0.6320333333333332,0.06605252119000116,0.8751333333333334,0.01590101324514324,0.5204333333333334,0.0779484587546298,0.8842333333333334,0.0015691469727919904,0.8840333333333334,0.000385861230092981
0.574,0.1972933518055453,0.702,0.04781213235152768,0.6133333333333334,0.14036222980401658,0.8729999999999999,0.013638181696985868,0.3321005449372489,0.06947534980061096,0.8829510070288015,0.006802131525631399,0.8824858300567033,0.005306114397423947,0.6192666666666666,0.11275153608217003,0.8702333333333333,0.014585914057366752,0.5197666666666666,0.07755317888749343,0.8839000000000001,0.005787918451395211,0.8834666666666666,0.0043645032808887945
0.5986666666666666,0.17038061965950105,0.6846666666666668,0.01890913947157708,0.6236666666666667,0.09716423667630436,0.87,0.0094162979278837,0.3556955108825967,0.08546642061701788,0.8792779816464144,0.011621370337174565,0.8784191819293996,0.010386870436719087,0.6225666666666666,0.09822980991305828,0.8671666666666668,0.010424437101776271,0.5308,0.08697428738809342,0.8807666666666667,0.009428443962582305,0.8798,0.007864265170164706
0.6986666666666667,0.12575726177397822,0.755,0.03101612483854167,0.7210000000000001,0.08062671186813133,0.8753333333333333,0.01347425528760517,0.3866985230077075,0.11893559451247673,0.8845539361222631,0.009890495433162784,0.8859033874618959,0.009810820080276334,0.7199333333333334,0.06030435768296982,0.8725333333333333,0.014177290134421183,0.5427333333333332,0.10279968655378063,0.8851666666666667,0.010457001907281565,0.8865000000000002,0.010215021618512052
0.5466666666666667,0.19118984166413122,0.766,0.04313544559485465,0.6246666666666666,0.14336511275605215,0.8736666666666667,0.011897712198383176,0.3844243707399961,0.11898428142520887,0.8933630826028242,0.00530415016673988,0.8932550331295603,0.006642403109532202,0.6604333333333333,0.12188837334034598,0.8715666666666667,0.01301546089165583,0.5399333333333334,0.10350656447244728,0.8935999999999998,0.006867799259345535,0.8935333333333334,0.008101988781911736
0.5526666666666666,0.19122819410908584,0.6623333333333333,0.018624953392932006,0.5873333333333334,0.10973402186904277,0.871,0.007874007874011818,0.29942072875307,0.09589987872451224,0.897731140364566,0.0048596802240747005,0.8993472521553931,0.005156626438778066,0.6072666666666667,0.08297832380942764,0.8678,0.007942711543715167,0.5101,0.09146587706170352,0.8992666666666667,0.006219503374243173,0.9012333333333333,0.006982040453111704
0.5206666666666666,0.16909629078000366,0.7086666666666667,0.030269162892657294,0.5826666666666666,0.10435942165846304,0.8716666666666666,0.008498365855987981,0.2998676755126923,0.09113397570027779,0.889507676937881,0.006957178528943894,0.8914524910574261,0.007467091125115916,0.598,0.07928232253577504,0.8691000000000001,0.009664712446144802,0.5038666666666666,0.08595139453331876,0.8925000000000001,0.006903622237637313,0.8944666666666666,0.007937393918801215
0.511,0.19204339787315436,0.6746666666666666,0.05563172556095028,0.5519999999999999,0.1071727577325507,0.8683333333333333,0.006944222218666559,0.27081448347072046,0.05334097475378703,0.8920636360547802,0.006638819306488011,0.8925570026114222,0.007075594060648241,0.5881666666666666,0.0517659690873798,0.8656999999999999,0.007728302961625257,0.47903333333333326,0.06324852216103988,0.8942666666666667,0.008452350100547339,0.8948999999999999,0.009475230867899791
0.5716666666666667,0.16736653057154394,0.6890000000000001,0.03581433604950209,0.6086666666666667,0.11159549971013864,0.875,0.0043204937989385775,0.27081448347072046,0.05334097475378703,0.8951364079427484,0.0038543244598874394,0.8961319294676607,0.005259568826152311,0.6206,0.08982141541228722,0.8721333333333332,0.005756349151637221,0.47903333333333326,0.06324852216103988,0.8976333333333334,0.004974825513411458,0.8986999999999999,0.007112430433168914
0.4566666666666667,0.16027129777002774,0.7123333333333334,0.026948510575210294,0.5436666666666666,0.11911432416893535,0.8813333333333334,0.010077477638553992,0.27036937681397794,0.05333783985437605,0.8962873283125626,0.0014503619449926072,0.8996211093919587,0.0007566678570750554,0.5778666666666668,0.08516651663391873,0.8785666666666666,0.010926522268722543,0.4797333333333333,0.06376400935393639,0.8992333333333334,0.003850829636440521,0.9027,0.0022861904265976075
0.49733333333333335,0.12447578970314759,0.7069999999999999,0.021213203435596444,0.5760000000000001,0.09649870465451857,0.8856666666666667,0.008178562764256872,0.27634336237350876,0.04616279898947905,0.8939662472567474,0.005170257160995614,0.8934211842024699,0.005521236067299481,0.5868666666666668,0.07833097868801481,0.8829666666666668,0.008491695289451286,0.4826333333333334,0.0612550043307121,0.8959666666666668,0.003843898484033623,0.8953333333333333,0.003996943276499712
0.49266666666666664,0.10586889166427607,0.7203333333333334,0.04921607686744466,0.5746666666666667,0.07262843030720746,0.8793333333333333,0.008576453553512412,0.2877414945253756,0.03830537485475811,0.9001144980309342,0.004350286648784074,0.9015777825876642,0.0027834550806101577,0.5969333333333334,0.04470334315114343,0.8770666666666668,0.009921133447791624,0.5023000000000001,0.05042201899963943,0.9017666666666667,0.0030554141381416025,0.9031333333333332,0.0005436502143433877
0.5413333333333333,0.03652700675147393,0.7126666666666667,0.05389702115042063,0.6123333333333333,0.012036980056845203,0.8809999999999999,0.004082482904638634,0.29767561890122934,0.03176593348524372,0.8936363347476326,0.003328870916379603,0.8952797972150508,0.003887620000181103,0.6274,0.014711220207718981,0.8786999999999999,0.005374631770332428,0.5041666666666665,0.01879544862164479,0.8974333333333334,0.0017249798710580544,0.8989000000000001,0.0011575836902790134
0.4666666666666666,0.09865878346886074,0.7283333333333334,0.04073764297987254,0.5596666666666666,0.0674306227828936,0.8826666666666666,0.0023570226039551605,0.2980481399182497,0.03253598911877769,0.8999533289316616,0.006789520562063676,0.9001393854851591,0.006365975420780028,0.5955,0.03846894851695327,0.88,0.0030735430152620353,0.5055,0.019807742593911805,0.9020333333333334,0.004135483311805544,0.9024333333333333,0.004166799997866654
0.57,0.1993054607045845,0.7313333333333333,0.05148678363317026,0.6109999999999999,0.12698293848650166,0.8796666666666667,0.0016996731711975963,0.31244816464043584,0.02283968135002474,0.9013503454716848,0.002322237272771153,0.9027061481674797,0.0029488287132047298,0.6478666666666667,0.06357826323167029,0.8762666666666666,0.003103045099396471,0.5290333333333334,0.039938730853924576,0.9018333333333334,0.002098147330914111,0.9031666666666668,0.0031255221785949664
0.5843333333333333,0.08016787940870636,0.7503333333333334,0.007930251502246887,0.6533333333333333,0.047814456205442946,0.882,0.0014142135623730965,0.31177281530885753,0.02347621791627475,0.8994389685574573,0.004333012585861578,0.9006942558902726,0.0044178202812580865,0.6653000000000001,0.038741278588434146,0.8797666666666667,0.0016027753706894883,0.5223666666666668,0.03143218449650332,0.9013999999999999,0.005242772803266074,0.9023666666666665,0.005526501806950012
0.5366666666666666,0.03566822426505448,0.7293333333333334,0.039160637833870304,0.6163333333333334,0.014429907214608921,0.8853333333333334,0.006342099196813488,0.31665778611507395,0.03104078683837726,0.8991705267635367,0.0030603069711351914,0.8978028962976158,0.004574641606062266,0.6422,0.023084338124942396,0.8828666666666667,0.007237095795659777,0.5333,0.03682861206543994,0.9002666666666667,0.001977091016844873,0.8985333333333333,0.0036003086287458744
0.5543333333333333,0.11152677805003706,0.7406666666666667,0.03026916289265734,0.6253333333333333,0.06603197878469355,0.883,0.004966554808583784,0.34347802804601085,0.051881115745232124,0.8983345218350974,0.002856523176514144,0.8985332022071764,0.00418309685857739,0.6421,0.060813540158970066,0.8811333333333332,0.00567587487137938,0.5413666666666667,0.024666351349335952,0.9009,0.0030243456592570967,0.9015,0.004181706190858762
0.6309999999999999,0.09055753235742825,0.7163333333333334,0.016779617264870973,0.6669999999999999,0.04883304891839815,0.8853333333333334,0.005312459150169748,0.3319865109453744,0.07883093374747925,0.898418157300962,0.005096074635894296,0.8989146129660289,0.0018149777592199553,0.6769333333333334,0.029680109313964618,0.8830333333333334,0.0052391687211702795,0.5296333333333333,0.05417510703470934,0.8994666666666667,0.005933146064460462,0.8996333333333334,0.002239543604298789
0.592,0.124236333923159,0.6856666666666666,0.03239684483951415,0.6296666666666666,0.07963388446858255,0.8833333333333333,0.003399346342395193,0.33213349388889685,0.07883242140694106,0.8976147011361028,0.003285539812508451,0.8988632821392524,0.0038380262645138627,0.6348666666666668,0.06825444226487305,0.8818999999999999,0.0035562152165844567,0.5301333333333332,0.053928491748075166,0.8996333333333334,0.003652700675147376,0.9005333333333333,0.004198677040317484
0.652,0.10878419002777931,0.6940000000000001,0.016391054470858958,0.6673333333333332,0.062494444197508915,0.8843333333333333,0.0012472191289246482,0.3372256697128518,0.07352698448214448,0.9013612205720013,0.005580986059233979,0.9016936570320896,0.003373842985092314,0.6685666666666666,0.054377528038294945,0.8822333333333333,0.0008576453553512381,0.5490999999999999,0.03820087259038282,0.9038,0.0039021361671098247,0.9038,0.0014352700094406776
0.6206666666666667,0.06867475680497324,0.71,0.05921148537234985,0.6583333333333333,0.040737642979872486,0.8876666666666667,0.004189935029992182,0.3688856019278523,0.08313988418340738,0.9022725480209779,0.006798497970421521,0.9036167603582473,0.005302133676886235,0.6816666666666666,0.02577393170541807,0.8861333333333334,0.004386595744107585,0.5637,0.028439878105692765,0.9033333333333333,0.007544239892497848,0.9046666666666666,0.006340522235764312
0.6466666666666666,0.1199175642773911,0.6933333333333334,0.01811690432226823,0.6643333333333333,0.07466071404843531,0.8863333333333333,0.005436502143433369,0.3670637578984615,0.08636173636577923,0.9035120716140791,0.005004409718661421,0.9044546606686313,0.005839376804943967,0.6626,0.06358149626004932,0.8838666666666666,0.005648205221326697,0.5593333333333333,0.0353817592678613,0.9044666666666666,0.005709251750935055,0.9062333333333333,0.00702772288076927
0.5909999999999999,0.0861665054801845,0.694,0.04892851929090026,0.6336666666666666,0.05431594813884981,0.8833333333333333,0.002867441755680878,0.3633513529666952,0.08099825399599135,0.8997742192227363,0.005337764295449564,0.9009318704742745,0.004448633337994201,0.6566,0.0453407837015051,0.8806333333333335,0.0028534579412043343,0.5461333333333332,0.02760788937161904,0.9003000000000001,0.005967132197854062,0.9014333333333333,0.004800231475900207
0.5756666666666667,0.06552522838995342,0.7463333333333333,0.007586537784494035,0.6476666666666667,0.04026854300264109,0.8806666666666668,0.0020548046676563273,0.3656035738849444,0.08304449608123543,0.8942197151332696,0.007903076788690703,0.8937667241036721,0.002808839536183738,0.6647666666666667,0.037584955619088915,0.8780999999999999,0.0015121728296285642,0.5541333333333333,0.03863757526323596,0.8962666666666665,0.006567258856546427,0.8957666666666667,0.0035188381921057938
0.621,0.09356637572689597,0.715,0.015937377450509244,0.6616666666666667,0.057203341005768384,0.884,0.004242640687119289,0.3599884832906613,0.09405672630478897,0.8957081233555311,0.011013942167825851,0.8975186804326506,0.010827679437763676,0.6715,0.05890166947266152,0.8817,0.005024606120549812,0.5412666666666667,0.06639203432808953,0.8973000000000001,0.008636357256775891,0.8992333333333332,0.007876265330444032
0.6623333333333333,0.115312136780518,0.7336666666666666,0.010656244908763863,0.6916666666666665,0.07088645067210582,0.8806666666666666,0.003399346342395193,0.3762789861693752,0.10637258180738912,0.9052955478160921,0.0037474149377620114,0.9066589481002856,0.0036074255288421004,0.6843666666666667,0.07442375666113313,0.8778666666666668,0.0043744205965539,0.5626333333333333,0.07969166971661606,0.9058333333333334,0.002041785710815098,0.9074666666666666,0.002135935912480189
0.5870000000000001,0.1831447514945487,0.7403333333333334,0.06247310532452252,0.6326666666666667,0.08289082511888084,0.8849999999999999,0.0021602468994692888,0.37650511567445727,0.10656924341263907,0.9057940344621153,0.003689169650722123,0.9049549490423406,0.004414714896997587,0.6608999999999999,0.06518655280551865,0.8824000000000001,0.002687005768508911,0.5622666666666666,0.07917282081343034,0.9068666666666667,0.001934482417139584,0.9057333333333334,0.0026712460679531673
0.7016666666666668,0.10943592747458314,0.7643333333333332,0.04793282336307298,0.7283333333333334,0.07727152702573495,0.8836666666666666,0.003299831645537225,0.36659933632391034,0.10559438319983175,0.9026346912290326,0.0025253380202350934,0.9060619847981748,0.0015451300231752185,0.7302333333333334,0.0757543984788269,0.8812666666666665,0.0030641293851416847,0.5495,0.0842821847525719,0.9039,0.0009416297927883517,0.9072333333333334,0.000524933858267415
0.552,0.05995553908244564,0.786,0.051192447359612196,0.6483333333333333,0.058642040285863936,0.8836666666666666,0.0024944382578492965,0.3657017044818613,0.10765224006318401,0.9056293337381857,0.004427758811120307,0.908810428579772,0.003300647966175793,0.6698333333333334,0.0521477601521762,0.8813000000000001,0.0020314198646923494,0.5516333333333333,0.08199375314958787,0.9061666666666667,0.0023907228102721537,0.9096666666666667,0.0012498888839500928
0.551,0.13647221939525517,0.8036666666666666,0.043683202975768866,0.6456666666666666,0.10712713112102938,0.8849999999999999,0.0037416573867739447,0.363929704443481,0.10990746775170786,0.9088547649938573,0.0007741688784985833,0.9089953288538727,0.0015290292106888734,0.6769333333333334,0.09408649684672549,0.8827333333333334,0.0035780193155182825,0.5438999999999999,0.08917432365877523,0.9097,0.002084866102814906,0.9098,0.0019200694431886385
0.4633333333333334,0.05969552374806302,0.7923333333333332,0.029101355447622844,0.5816666666666667,0.04555094827650559,0.8863333333333333,0.005734883511361756,0.3629980737346031,0.10981342095577754,0.9113692356864634,0.0009575212662660616,0.9132849554959638,0.0002567199802463715,0.6240666666666668,0.05882813008152549,0.8841333333333333,0.005738950736463515,0.5438333333333333,0.08920075983732177,0.9128000000000002,0.0010677078252031486,0.9144,0.0012027745701778218
0.6193333333333334,0.12452665935007208,0.7486666666666667,0.04793282336307303,0.6746666666666666,0.0923122719661669,0.8853333333333332,0.005557777333511028,0.3769184598774637,0.112846330581334,0.908801133080024,0.0035854891381508582,0.909384466309909,0.0030787740977093383,0.6935666666666668,0.08091395978994535,0.8828333333333332,0.005658229012293099,0.5626666666666665,0.08325063896985345,0.9101333333333333,0.0017133463034527663,0.9105333333333333,0.0025824191930995197
0.5316666666666666,0.047147522616664474,0.7793333333333333,0.058019153925425546,0.629,0.02501999200639363,0.8850000000000001,0.0028284271247461922,0.3970508601518163,0.13409616135776445,0.9069903824615304,0.001590073181761512,0.9078044357101286,0.0017757253526128176,0.6642333333333333,0.015435313047971836,0.8825666666666668,0.0027255988129012963,0.5744666666666666,0.09607623130734376,0.9070666666666667,0.0029408993333483163,0.9079999999999999,0.002967602848540676
0.5346666666666666,0.1518471453651848,0.79,0.026419689627245786,0.6236666666666667,0.09518169758706532,0.8913333333333333,0.0009428090415820641,0.3798064960270933,0.13399412246496395,0.9086618727011389,0.001029792469114222,0.9097845637377678,0.0014178897238772109,0.6620333333333334,0.06598365117377353,0.8889999999999999,0.0006377042156569484,0.5578666666666666,0.1013018043055283,0.9102333333333332,0.0013474255287604553,0.9113666666666665,0.001407914138796126
0.5766666666666667,0.1885635760750793,0.7903333333333333,0.05475602452901619,0.6446666666666667,0.09907685008225797,0.887,0.004242640687119289,0.37246906255821516,0.13496476139940577,0.9111184127262418,0.001992079493469097,0.9105572706669927,0.003343057625286898,0.6734666666666668,0.0812289083735314,0.8849666666666666,0.004208193066969384,0.5471666666666666,0.10744860270018511,0.9130333333333333,0.002383741223837506,0.9123,0.0038288379438154055
0.6523333333333333,0.2908749253927231,0.7356666666666666,0.04986871653540814,0.6386666666666666,0.19042467160416887,0.8846666666666666,0.005436502143433369,0.37246906255821516,0.13496476139940577,0.9090191096631107,0.0006453597482452438,0.9095286963223753,0.0017234966540276833,0.6624,0.13336373819995703,0.8828333333333332,0.004949298491256655,0.5471666666666666,0.10744860270018511,0.9106333333333332,0.00020548046676569998,0.9112666666666667,0.002451303508113455
0.6156666666666667,0.28822946105875824,0.8196666666666667,0.024931015935086853,0.6609999999999999,0.23276740894435083,0.8856666666666667,0.004642796092394711,0.36163854076714025,0.12031086042172254,0.9088450062672814,0.0014150477325896172,0.9084596030353311,0.001342398606885526,0.6871999999999999,0.19290911504298255,0.8835000000000001,0.004432456053551626,0.5400333333333333,0.09831094660424253,0.9093666666666667,0.0014817407180595312,0.9086333333333334,0.0024635114955868847
0.6036666666666667,0.26369721694060827,0.8166666666666668,0.036590830666833565,0.652,0.20465092230429846,0.8883333333333333,0.004642796092394711,0.3831276372562729,0.16149722254056234,0.9112201549031232,0.0027856880287080634,0.9113992352998154,0.0017816576785431772,0.6851666666666666,0.15763443645205055,0.8863,0.004536518488885482,0.5400666666666667,0.10483085847635175,0.9123333333333336,0.0031169785940162553,0.9122333333333333,0.002289589968143186
0.6086666666666667,0.26281087411969006,0.846,0.019798989873223347,0.6669999999999999,0.2079679462481338,0.8893333333333334,0.0030912061651652374,0.38283416430454625,0.1611095919377928,0.9073785010269949,0.00511266156187019,0.9077165821401354,0.0040566886159436035,0.7003666666666666,0.1614500197859662,0.8866333333333333,0.0032427697352040877,0.5395666666666666,0.10413201023487237,0.9083666666666667,0.006973441681758572,0.9088333333333333,0.0060035174874586775
0.634,0.15310780515702,0.765,0.03317629675938333,0.68,0.08492741999299562,0.886,0.004242640687119289,0.3815738043693481,0.15944642739881296,0.9073799088267419,0.0031375273233831074,0.9093759352634638,0.0033894688447535155,0.7016666666666667,0.07137190545928339,0.8844333333333333,0.003796782263385034,0.5395,0.1040388389016333,0.9080666666666666,0.00452941006705675,0.9098333333333333,0.00477935374524866
0.7243333333333334,0.18336181596928938,0.757,0.04735680169380811,0.7206666666666667,0.09054035318881609,0.8856666666666667,0.004921607686744471,0.38098324408284023,0.158668018060289,0.9065829051915962,0.0043170129092284576,0.9083734053052198,0.0034248783089401704,0.7271333333333333,0.066330954731223,0.8830333333333334,0.005204058245467857,0.5395,0.1040388389016333,0.9068999999999999,0.00569385633819471,0.9087999999999999,0.004454959782833732
0.7200000000000001,0.16476043214315747,0.7146666666666667,0.06631909394904474,0.6973333333333334,0.06398089992767807,0.892,0.0016329931618554536,0.38107526563059774,0.15847500068248987,0.907751233854512,0.0015032370140609437,0.9077606754297008,0.001160354636866635,0.7035666666666667,0.04521182244600287,0.8902000000000001,0.0015577761927397368,0.5360999999999999,0.10708737865251283,0.9081333333333333,0.002821740991342402,0.9079,0.002592296279363133
0.7133333333333333,0.150984178714931,0.7676666666666666,0.0495737385674669,0.7246666666666667,0.06911986368299317,0.8903333333333334,0.0037712361663282566,0.39424736742286176,0.17693360697559773,0.9107668250935185,0.003319794742388636,0.9115243639136089,0.0031931111311778895,0.7319666666666667,0.04583683622977873,0.8879999999999999,0.0038910152916687367,0.5386666666666667,0.11738132541233103,0.9116666666666667,0.004686386904878981,0.9122333333333333,0.004555094827650486
0.66,0.14541664278891875,0.7226666666666667,0.04054901012629311,0.68,0.07809396050058333,0.891,0.0008164965809277268,0.3983917962452715,0.17500282988771462,0.9108578906800114,0.00550434777616268,0.9128566332344468,0.004969072195430267,0.6917666666666666,0.0737737231148207,0.8891666666666667,0.0006798692684790647,0.5443333333333333,0.11233065278700892,0.9123333333333333,0.006577402391691015,0.9140333333333331,0.006031767752675961
0.6946666666666667,0.20113069272379974,0.7469999999999999,0.03753220839048336,0.6993333333333335,0.11346169201785929,0.89,0.0008164965809277268,0.4012789534860146,0.17687136145925483,0.9111582685610943,0.00478158117116732,0.911761067550764,0.0050991210876012985,0.7104666666666667,0.08110348670405947,0.8880333333333331,0.0012391753530294498,0.5528333333333333,0.11540861704781358,0.9125666666666667,0.005322488974989866,0.9125666666666666,0.0059606114526018555
0.703,0.19468093555011148,0.7543333333333333,0.04663570401408017,0.7106666666666667,0.11813645594067147,0.8896666666666667,0.0020548046676563273,0.3961602200542149,0.17241293179071684,0.9107346130657404,0.004954833406603215,0.91285482187424,0.00399477928455493,0.7077333333333334,0.11184946232424292,0.8877,0.0025935818218568627,0.5437666666666666,0.11192141091954758,0.9116,0.005208326666662383,0.9137333333333334,0.004110420362390647
0.649,0.17281975195754296,0.786,0.028248893783651054,0.6946666666666667,0.10600733727226411,0.8866666666666667,0.003299831645537225,0.41172523722208304,0.1594179552685463,0.9112093927813342,0.004283803849021468,0.9099706414766903,0.0038188415567469236,0.7029,0.07925027865355848,0.8846666666666666,0.0035443225336052506,0.5708333333333333,0.09468418851928527,0.9130666666666666,0.0040268543002641806,0.9112999999999999,0.003634097778908385
0.7703333333333333,0.1393923320065427,0.7440000000000001,0.011224972160321834,0.7493333333333334,0.06765270791985262,0.8873333333333333,0.002624669291337273,0.41469981891509883,0.15965376865323078,0.9061992535699207,0.004325373548430429,0.9072757225475873,0.003063215981819075,0.7425,0.06060599530299516,0.8849999999999999,0.0031843366656181507,0.5707333333333333,0.09460959547295164,0.9078333333333332,0.004502098276236166,0.9087666666666667,0.003166842100403627
0.649,0.15145296299511607,0.7516666666666666,0.013123346456686365,0.6846666666666666,0.09068014605683475,0.8873333333333333,0.0041096093353126546,0.4156816069791616,0.16100179712872326,0.9057883749835342,0.0024310614755703877,0.9086065552728835,0.001585463146136453,0.6870333333333333,0.08432422875754964,0.8854000000000001,0.003552463933666337,0.5719333333333333,0.09629753660169899,0.9065666666666666,0.0017152907107024732,0.9094333333333333,0.0011897712198382809
0.669,0.2018629898388178,0.7476666666666666,0.01600694293805731,0.6856666666666666,0.12231471247927982,0.8823333333333334,0.003399346342395193,0.4149579621214394,0.16129028638147017,0.9092023839020259,0.0035234675166840325,0.9102794737823466,0.003166007867612843,0.6859333333333334,0.11335138091596218,0.8800666666666667,0.0036709066394496653,0.5710333333333334,0.09704913990116326,0.9105,0.002913188402192171,0.9116333333333334,0.0026836956277160153
0.6713333333333332,0.18739678640669255,0.7293333333333333,0.048451579494950985,0.6783333333333333,0.1031708399802106,0.8836666666666666,0.005906681715556456,0.41501242196113913,0.16136519221073437,0.9088869837389103,0.006706167967793625,0.9111766802612641,0.005417776145294769,0.6786666666666666,0.10223144765134112,0.8814000000000001,0.006406246951218768,0.5711666666666667,0.0972364929208965,0.9103333333333333,0.006136955452194651,0.9128333333333334,0.0047133380480881394
0.6503333333333333,0.1573326271170591,0.727,0.040207793606049376,0.676,0.0876850424340815,0.887,0.0029439202887759515,0.4137024943906143,0.1619335432015519,0.9114978513222152,0.002041630721891292,0.9136415005415097,0.0017076479245705753,0.7018,0.08016961186551089,0.8847999999999999,0.0037094473981982875,0.5695666666666667,0.09855639107750558,0.9136666666666665,0.0030125662740520076,0.9158333333333334,0.0026836956277160274
0.6666666666666666,0.16585200899865182,0.7193333333333335,0.03387558937576666,0.6789999999999999,0.08263574690572277,0.8826666666666667,0.004496912521077351,0.41689523982878507,0.16083619599038965,0.9125350038446848,0.001224415138197683,0.9143706870965124,0.0018258924189558606,0.6849666666666666,0.08061965572296184,0.8809999999999999,0.005657443474456198,0.5733,0.09532712100971055,0.9136666666666667,0.0008178562764257744,0.9156,0.0017663521732655509
0.6536666666666666,0.19164608585155665,0.741,0.04373404470966149,0.676,0.10439348638684312,0.8856666666666667,0.004189935029992182,0.42430363086940687,0.1709853044966196,0.9101463953869452,0.0036451888984961643,0.9134759835799638,0.0024437185799978823,0.6779999999999999,0.10536890749488993,0.8840666666666667,0.004964093293061867,0.5740333333333333,0.09636182969528037,0.9116333333333332,0.0033409912035536273,0.9155333333333333,0.0032663265129023633
0.5499999999999999,0.2429416939651707,0.7773333333333333,0.039718453589679875,0.6083333333333333,0.1528274262762487,0.884,0.005715476066494087,0.42700090538275526,0.16836124510229264,0.9137085565097663,0.0009400678716113402,0.9154718480216154,0.0014519567323250378,0.6548666666666667,0.11065430653867725,0.8820333333333332,0.006346827729048663,0.5863333333333333,0.09006310133579801,0.9153333333333332,0.001472714802291657,0.9168333333333333,0.0016739839372652936
0.6696666666666666,0.1540353494782574,0.753,0.026981475126464108,0.6976666666666667,0.07438787236879113,0.8856666666666667,0.002867441755680878,0.4283474584959516,0.15001307366471112,0.9144963743264705,0.0008762774333832728,0.9163466149797824,0.000475442571526453,0.7041666666666666,0.07044072370124797,0.8834333333333334,0.002651205176686392,0.5913666666666666,0.06428277806345611,0.9163333333333333,0.000694422221866664,0.9181333333333334,0.0005906681715556551
0.7273333333333335,0.058659090419890494,0.7713333333333333,0.05634615238761994,0.7473333333333333,0.04779353745248641,0.8866666666666667,0.002867441755680878,0.43880599367647255,0.1339261011737571,0.9139474137472732,0.00213044457386416,0.915435956529073,0.0027821737325984005,0.7484666666666667,0.051367326407184416,0.8843,0.0034418987008140883,0.5937,0.05522722758446845,0.9149666666666665,0.0028311756490114275,0.9167333333333332,0.0032826141344294334
0.6543333333333333,0.10273049963645439,0.7503333333333333,0.020757863302587037,0.6936666666666667,0.0544140504730983,0.8846666666666666,0.004714045207910321,0.4412343028091444,0.1314725142015898,0.9134214648265173,0.0038230957388127153,0.9160154257774892,0.0035459672333776272,0.6953999999999999,0.058129911978831196,0.8825333333333333,0.005049972497174719,0.6019999999999999,0.05286214776819679,0.9152666666666667,0.0046197643037521555,0.9179666666666667,0.0043438334324521115
0.6786666666666666,0.07329089681232968,0.7653333333333333,0.06410581530216702,0.7160000000000001,0.04695387807909658,0.89,0.0021602468994692888,0.4430943547829658,0.1314254107355055,0.9146347921182704,0.004045790278750383,0.9160130192116748,0.004236700692115366,0.7196666666666666,0.05160267004289176,0.8874333333333334,0.0024567367696918183,0.6048333333333333,0.05209256718146613,0.9164,0.005140038910358594,0.9177,0.005040502620440431
0.6736666666666666,0.08769011093364838,0.7186666666666667,0.02049932248202908,0.6933333333333334,0.053630422543759826,0.8833333333333333,0.00047140452079103207,0.44366443139068895,0.13086180872833528,0.9127183382255911,0.0027093232580615817,0.9146723254954324,0.004276258544136913,0.6815666666666665,0.0657625188757919,0.8807666666666666,0.0003771236166327839,0.6057333333333333,0.052105811149578726,0.9141,0.0032690467519854095,0.9165333333333333,0.005327496806401895
0.6963333333333334,0.13758956678792508,0.7480000000000001,0.004082482904638634,0.7133333333333334,0.0801429278781908,0.884,0.0021602468994692888,0.4442458122418283,0.1306407075950837,0.9086453621339919,0.00587367196130748,0.9103649907063146,0.008074863716105999,0.7109666666666667,0.07537043334240706,0.8818,0.0017907168024751151,0.6063,0.051404344822852006,0.9107666666666665,0.00595669557911283,0.9126333333333333,0.008733587782552713
0.6233333333333334,0.12347829318908199,0.739,0.031026870075253617,0.669,0.07179600731702751,0.891,0.0029439202887759515,0.44991849657551025,0.14477001664568673,0.90996442206247,0.0027987053355398913,0.9128937003404416,0.0017072618972452187,0.6918666666666667,0.07229150864536044,0.8887666666666666,0.002522344588318998,0.6025999999999999,0.06331971783470511,0.9111666666666668,0.0033589019369761903,0.9143666666666667,0.0022065558884580457
0.6773333333333333,0.12196265366450866,0.7213333333333334,0.04413111776916096,0.6896666666666667,0.06308371862497927,0.892,0.0043204937989385775,0.4553758079645902,0.143641688368045,0.9127532946378848,0.001716529404344464,0.9144591976745478,0.0022535084901591216,0.6905000000000001,0.06527255676520312,0.8903,0.004526219909225257,0.6125666666666666,0.05724871662802203,0.9135,0.0026545558322752074,0.9156000000000001,0.0031026870075253343
0.6413333333333333,0.1116611938957408,0.7193333333333333,0.031982634176829276,0.6706666666666666,0.05599007848618262,0.8926666666666666,0.004189935029992182,0.45528606800016186,0.14483316950093836,0.9120202862537564,0.0025474798102586623,0.9146793168708474,0.0016915438084175347,0.6777000000000001,0.05911858139930853,0.8905,0.004429446918070036,0.6088333333333334,0.0608727817300603,0.9126333333333333,0.0024526629518864104,0.9154333333333334,0.0017326921891156206
0.646,0.1181552650822919,0.726,0.027856776554368263,0.6779999999999999,0.0724292758489273,0.8933333333333334,0.0024944382578492965,0.4553452302706947,0.1447696879184615,0.9103996028501146,0.003657719375944092,0.9121754302821111,0.004404816949909913,0.6849000000000002,0.07469261453896674,0.8916000000000001,0.0029063149634316874,0.6089000000000001,0.06081123799649761,0.9111333333333334,0.0028778850258866324,0.9129999999999999,0.003688721549082694
0.6629999999999999,0.11652753608768474,0.7666666666666666,0.011953614051360749,0.7050000000000001,0.06790189000805992,0.8933333333333334,0.0024944382578492965,0.4595196722972846,0.14393927099073756,0.9130286719281724,0.0010317482464883626,0.9141628611515916,0.0016164240787938176,0.7133333333333334,0.06981047358543145,0.8916,0.002790459938194154,0.6141,0.05907052282371189,0.9145666666666665,0.0027378012264507793,0.916,0.003325657829663181
0.6346666666666666,0.10093672385322511,0.735,0.03811386449399569,0.6756666666666667,0.05889161419270339,0.8903333333333334,0.0060184900284226015,0.46468494572817476,0.15111366790348216,0.9109762716950337,0.0015913697973582702,0.9120598416971669,0.0012220083622668167,0.6784333333333333,0.05928228140759171,0.8885000000000001,0.0063076672920079685,0.6187999999999999,0.06550669177012883,0.9130666666666666,0.002289589968143262,0.9142999999999999,0.0008524474568363051
0.5623333333333334,0.16658197848373504,0.7676666666666666,0.02400462918318513,0.636,0.10632340601516992,0.8926666666666666,0.004027681991198194,0.4559962258461561,0.1437470232669756,0.905737636252646,0.003563430832373357,0.9084383533659893,0.003626545985823808,0.6775000000000001,0.08404586049691362,0.8911666666666666,0.004302970550161305,0.6072666666666666,0.06937224869419249,0.9081999999999999,0.0029877527787061466,0.9114,0.003120897306865439
0.5933333333333333,0.08090048756891942,0.755,0.03860915262818739,0.6633333333333332,0.06573853934759699,0.892,0.0035590260840104404,0.4511954373243466,0.1448041034691988,0.908770925449411,0.006524086040777758,0.9123168585008502,0.006163066641950341,0.6877333333333334,0.07026660341553133,0.8905333333333333,0.0037985377303495155,0.5995,0.07152570633462259,0.9098333333333334,0.0061070087240444534,0.9138999999999999,0.005608921464952062
0.6283333333333333,0.09007157647609418,0.7786666666666667,0.023012074125457627,0.6933333333333334,0.06600168348021301,0.8913333333333333,0.002867441755680878,0.4407468804231574,0.15387856777529393,0.9077910194496629,0.0037243858049562477,0.9092512834294348,0.004498937196976909,0.7097000000000001,0.07405565474695364,0.8893666666666666,0.0028015868519268242,0.5738,0.09620176713553656,0.9102000000000001,0.004356604182158432,0.9114666666666666,0.004856153027059832
0.5626666666666666,0.06910057082896558,0.7743333333333333,0.05049972497174835,0.6513333333333334,0.06434455860616511,0.8903333333333334,0.00659966329107445,0.36931203423482534,0.07370271398727915,0.907614536725855,0.005430759437859253,0.9101429726110007,0.004680894689856154,0.6856333333333334,0.08816931943079115,0.8886,0.006745368781615964,0.5529999999999999,0.10814992679917385,0.9100999999999999,0.005903106526793049,0.9130666666666666,0.00465784881201136
0.5916666666666667,0.1640982090768276,0.7200000000000001,0.06066849814085287,0.642,0.12751731908516065,0.894,0.0008164965809277268,0.3662829351847649,0.06915389477830941,0.9085460210550028,0.006239426012686611,0.9116467498935917,0.004169544251723755,0.6587999999999999,0.09525208659131833,0.8920333333333333,0.0016048537489613812,0.5497333333333333,0.09015528578821963,0.9121333333333332,0.006373033465748935,0.9150333333333333,0.0033875589375766194
0.5836666666666667,0.07891908655212772,0.7813333333333333,0.02145279054627213,0.6656666666666667,0.05446915538989833,0.8906666666666667,0.0068475461947247185,0.36288265023403277,0.073960390070974,0.9084303366888338,0.006310597851388995,0.9109989372577839,0.005626769083128952,0.6876000000000001,0.06763918982365177,0.8885000000000001,0.006886218120274759,0.5409,0.101829694424891,0.9102,0.0061746794788609645,0.9131666666666668,0.005033443707399007
0.5630000000000001,0.2018266582986499,0.8286666666666668,0.024997777679003536,0.6483333333333333,0.16646187418011238,0.892,0.0035590260840104404,0.36719044846873644,0.0679346007552162,0.9077521428607476,0.005351364747879045,0.9093356198079859,0.004723178195328903,0.7462333333333332,0.0429729630762827,0.8901333333333333,0.0038594760726756547,0.5486666666666667,0.09165450828458412,0.9102,0.005575541827182925,0.9120666666666667,0.0045762672804615075
0.426,0.13351404420509475,0.757,0.058486465670842744,0.533,0.11834131428485434,0.8926666666666666,0.004027681991198194,0.3698027262911114,0.0656354041072896,0.9054778534204857,0.0009958541687668156,0.9068233254991703,0.0015691732292691216,0.6367333333333333,0.09114714599054775,0.891,0.0037973675092095663,0.5546333333333334,0.0891674205575607,0.9074,0.002616613587572128,0.9089666666666667,0.002329997615640207
0.5353333333333333,0.20107433672373232,0.7613333333333333,0.05802489887013061,0.5983333333333333,0.14282234496822344,0.8906666666666667,0.0036817870057290905,0.3698027262911114,0.0656354041072896,0.9097323109080274,0.0014899678499247393,0.9087450234066727,0.0023565913994167374,0.6903666666666668,0.022806480560480166,0.8888000000000001,0.003238312317653564,0.5546333333333334,0.0891674205575607,0.9113000000000001,0.0024913182588073954,0.9107666666666666,0.002963481436119089
0.41733333333333333,0.13347991942194481,0.766,0.05525094267672425,0.529,0.11814397995666137,0.8926666666666666,0.004027681991198194,0.3739866808728058,0.06883544772108555,0.9084948143106022,0.003543218188619744,0.9113399872698013,0.002556381442376835,0.6353333333333334,0.09827900193948973,0.8906999999999999,0.004181706190858791,0.5608666666666667,0.09599452530685744,0.9107,0.00388415584994563,0.9138333333333334,0.0029780679792256438
0.6786666666666666,0.02904402788105594,0.7083333333333334,0.06659496143770105,0.6903333333333332,0.01755625877635156,0.8916666666666666,0.007586537784494035,0.37393496953576294,0.06880438356980208,0.9055482866778223,0.0011998328906436388,0.9066407264967902,0.0029636137036251936,0.6826666666666666,0.05299492638189269,0.8895666666666667,0.007057068954050409,0.5608000000000001,0.09598218584716647,0.9077666666666667,0.002425329301810856,0.9087000000000001,0.004814561246884288
0.5780000000000001,0.07998749902328488,0.7240000000000001,0.05107510809255978,0.6366666666666667,0.04262497963505545,0.8913333333333333,0.007318166133366723,0.3712185308919984,0.06668139427883377,0.9072338405162436,0.001515374389629694,0.9090258513011703,0.0015997536751947588,0.6332666666666666,0.03464720607623197,0.8895,0.007249827584156778,0.5584,0.09331205709874796,0.9105333333333333,0.003229379025275423,0.9124,0.003287349489583783
0.5763333333333333,0.09351054604814488,0.7126666666666667,0.048210187950496745,0.629,0.04120679555607307,0.8913333333333333,0.006649979114420008,0.37266839259766965,0.0661186613511315,0.907781241908256,0.005717066300281457,0.9105961834328661,0.004278140952545608,0.6235666666666667,0.01522658493848469,0.8891666666666667,0.007021079372543614,0.5638666666666667,0.08816198475281486,0.9085666666666666,0.006284548954026492,0.9118666666666666,0.004549236810230428
0.6773333333333333,0.0549019327731021,0.7333333333333334,0.05443242497711166,0.7003333333333334,0.014704496666741864,0.891,0.00637704215656967,0.3734704899969537,0.06498505184888562,0.9094113058524181,0.0030188460231617316,0.9110096767844277,0.0026076284514725055,0.7121666666666666,0.030073945903759006,0.8893,0.006794605703546506,0.5672333333333334,0.08381206489654236,0.9109000000000002,0.003888444419044699,0.9129333333333335,0.003206590435684199
0.646,0.10030287466801073,0.7759999999999999,0.05678027826631358,0.6963333333333334,0.031752515210959606,0.8906666666666667,0.006182412330330475,0.3707712193012842,0.06775120836556664,0.9105272145734112,0.0063247273401919385,0.9123453916687368,0.004646969228169942,0.7178999999999999,0.02309848479879144,0.8889,0.006883797401628467,0.5570333333333334,0.09638382759686515,0.9115000000000001,0.007354363783949433,0.9137666666666666,0.005577534301901612
0.632,0.11860016863394417,0.7493333333333334,0.020005554784164898,0.6776666666666666,0.06917289128617432,0.891,0.007071067811865481,0.36849472389259813,0.06466504847840557,0.9117980034241752,0.004203817346310599,0.9128449669137053,0.0035335169697881005,0.6879333333333334,0.050689008232116306,0.8888333333333333,0.007447743879114679,0.5563666666666667,0.09251195718512406,0.9138333333333333,0.004356094071017572,0.9150333333333333,0.003534905310691621
0.6203333333333333,0.1295282037069748,0.7326666666666667,0.04568247901426638,0.6626666666666666,0.07825741001478534,0.8916666666666666,0.007542472332656513,0.3678467254455669,0.06423103785998148,0.9098806639639171,0.002936424919878854,0.9118973770187114,0.0024960312487473366,0.6656666666666666,0.0661345261989194,0.8895333333333334,0.007955850398012483,0.5555666666666667,0.09172736172423628,0.9116,0.002943920288775939,0.9135,0.0025703436864876325
0.608,0.11433576285076627,0.7296666666666667,0.007717224601860157,0.6566666666666666,0.07069810621383162,0.8913333333333333,0.006649979114420008,0.36833082098298003,0.06354698218152814,0.9117122106696242,0.0007001653148772001,0.9127568580637009,0.0008076190806109849,0.6736,0.04857866472708642,0.8891666666666665,0.007285754746230674,0.5607666666666667,0.08485620516824653,0.9137,0.0022375581929118494,0.9147000000000002,0.0008640987597876709
0.608,0.09865427850157675,0.7879999999999999,0.03942080668885403,0.6813333333333333,0.06601683287027804,0.891,0.007118052168020881,0.35725354429382766,0.059737777147043904,0.9117155455009809,0.002629065857231835,0.914273091813039,0.0019424772991169595,0.7001,0.049980863004420686,0.8889666666666667,0.007189034860273065,0.5576333333333333,0.07973649659277048,0.9137666666666666,0.002239543604298789,0.9159333333333333,0.0021044925490219836
0.6266666666666667,0.12049988473945616,0.7716666666666666,0.0457990781081405,0.6859999999999999,0.08415461959987701,0.89,0.005354126134736342,0.3587524898692891,0.05796302054258956,0.9109926215002474,0.004602378647302518,0.912844722630522,0.0028218988263282274,0.6981333333333334,0.062766356876559,0.8879,0.005649778756730224,0.5620999999999999,0.07417901769817846,0.9132333333333333,0.0058288554241424945,0.9149666666666668,0.0038134265722866863
0.6113333333333334,0.0645256193736686,0.7359999999999999,0.06471990935304732,0.6666666666666666,0.060785597709398974,0.8923333333333333,0.004496912521077351,0.3744868952521856,0.06616354016910982,0.9081755552308941,0.006096963044588066,0.9108126734954833,0.005832901568648424,0.6814,0.052601394151359344,0.8904333333333333,0.005034105900974073,0.5681333333333333,0.08480292185741921,0.9093333333333334,0.007185324550003935,0.9126666666666666,0.006907162144389591
0.657,0.07671158104658424,0.7413333333333333,0.04391152721350313,0.6930000000000001,0.04382541119791879,0.8903333333333334,0.004642796092394711,0.3714797717605534,0.06408895795343268,0.9041980023547644,0.004901479426972777,0.905642369791518,0.0034855011883826435,0.7014333333333332,0.03558926180121689,0.8879666666666667,0.00507696322180456,0.5658666666666666,0.08227135318903873,0.9067666666666666,0.006867475680497308,0.9081,0.005103593505234072
0.634,0.08103085831953155,0.7006666666666667,0.0036817870057290905,0.663,0.04656178690729126,0.891,0.0032659863237109073,0.37198612712403295,0.06315945493554381,0.9057079676923303,0.00859780450729987,0.9080432138086493,0.008030576431104466,0.6636333333333333,0.020586781087764936,0.8887666666666666,0.0036150918230231357,0.5682333333333333,0.07852279216182324,0.9072,0.009720425230753432,0.9099,0.00881929702413972
0.6603333333333333,0.0610482504981829,0.7216666666666667,0.013123346456686363,0.6873333333333332,0.02923848301278449,0.891,0.0037416573867739447,0.3805965211586991,0.050995476729633595,0.9085276418099576,0.005729526894025274,0.9105665286124541,0.006124857303271582,0.6792333333333334,0.015297131176211528,0.8888666666666666,0.003996943276499646,0.5865333333333332,0.055622557374584006,0.9103333333333333,0.006863105872869941,0.9124333333333334,0.007075937315217556
0.6316666666666667,0.10137827950579728,0.7683333333333332,0.023442601296689677,0.69,0.07158677717753935,0.8913333333333333,0.0041096093353126546,0.3818426655740214,0.052329243553732155,0.9112207929187427,0.004970087798546669,0.9134531775170034,0.004542486401664331,0.7131666666666666,0.0566858202923996,0.8890666666666668,0.004106363625182543,0.5887999999999999,0.05552194761233315,0.9128333333333333,0.005709251750935083,0.9152666666666667,0.004644949467492164
0.6846666666666666,0.04509496153181145,0.7493333333333334,0.033509534298299205,0.7153333333333333,0.03955024933198552,0.89,0.005354126134736342,0.37688632810638945,0.04835372660265477,0.9107707048212371,0.00506613149886157,0.9123597778532638,0.00522119411178769,0.7292,0.037974289547885696,0.8878333333333334,0.00550898256385776,0.5786,0.05901395315234072,0.9131666666666667,0.004699172503986453,0.915,0.004432456053551626
0.5876666666666667,0.20301778794534786,0.7736666666666667,0.027207025236549172,0.65,0.15336883646947316,0.8893333333333334,0.004496912521077351,0.37738142683090387,0.04871176627352182,0.9107429235428453,0.00149840933429597,0.9118439519076768,0.0023335689736253577,0.6860666666666667,0.1144032147955448,0.8865999999999999,0.00446392950959872,0.5798666666666666,0.058342799231972206,0.9127000000000001,0.0017146428199482238,0.9134666666666665,0.0019189117286165828
0.5706666666666667,0.185251780618223,0.7746666666666666,0.04364503280888774,0.6406666666666667,0.142605126914225,0.8893333333333334,0.004642796092394711,0.3722300282677425,0.04522862995959025,0.9112542381843213,0.001603639672696647,0.9126841218333565,0.002307117673547358,0.6757666666666667,0.10351039668662379,0.8877333333333333,0.005186092513208399,0.5740333333333333,0.04062103997793368,0.9124666666666666,0.0020154955277107887,0.9148666666666667,0.0013597385369581003
0.5656666666666667,0.18404407684634197,0.7633333333333333,0.013767917618708934,0.6333333333333333,0.13764043333588022,0.8893333333333334,0.005436502143433369,0.37317054122316956,0.04390727532443789,0.9120247007030002,0.003031003984415506,0.9129755406318242,0.004119003017091368,0.6716333333333333,0.10144543141785908,0.8874333333333334,0.005657639869140579,0.5757666666666666,0.03852292246903848,0.9136666666666665,0.003916063783386939,0.9152,0.004631054595517782
0.559,0.18064514016896957,0.7559999999999999,0.016062378404209026,0.626,0.13398756161176553,0.8893333333333334,0.006236095644623242,0.372358630816958,0.0432653596975655,0.9118324670750484,0.003765512691253032,0.914352237111069,0.004958373186406922,0.6636000000000001,0.09648899764567288,0.8876,0.006275879752406627,0.5745,0.03794478444617473,0.9127666666666666,0.003981066300488988,0.9153666666666666,0.005249973544906827
0.533,0.15564061166674978,0.7823333333333333,0.046828291543562515,0.623,0.1322522841642694,0.8893333333333334,0.005734883511361756,0.37059246468120355,0.04239569235088696,0.9096608877102123,0.004994551649231675,0.9135372001821943,0.003996194304182314,0.6794666666666666,0.1069662355865417,0.8872,0.00590649360167821,0.5669333333333334,0.04385744583939606,0.9113666666666665,0.004973485252371324,0.9158666666666666,0.0036169354738814444
0.45399999999999996,0.1510121407922776,0.8153333333333332,0.07840634894927552,0.5726666666666667,0.13148975456496811,0.8923333333333333,0.003399346342395193,0.37367628898678085,0.044601047982112944,0.9123412662006158,0.00482437853261254,0.9144693714435141,0.004635400800258768,0.6526333333333333,0.1140599062871008,0.8905,0.0033075670817082434,0.5678666666666666,0.04342544057219101,0.9133999999999999,0.004788179890800524,0.9157666666666665,0.004485036851081063
0.45500000000000007,0.1428028944617954,0.8193333333333334,0.053915571859054684,0.574,0.1176208598279517,0.8903333333333333,0.005436502143433369,0.3731066256847773,0.04415208428078716,0.9129506058944398,0.00651939047872696,0.9148567837755249,0.005120876265386078,0.6518666666666667,0.10061680884535257,0.8879333333333334,0.005897645481225764,0.5654333333333333,0.04587412730020658,0.9145333333333333,0.006483997395297317,0.9165000000000001,0.004546060565661956
0.6819999999999999,0.031155523854794438,0.8130000000000001,0.022642143596988896,0.742,0.027604347483684545,0.8926666666666666,0.0024944382578492965,0.37157565716333396,0.043114272432249245,0.910151954197065,0.004715332870056603,0.9113404206993118,0.005682834359141797,0.7618666666666666,0.003812552367582086,0.8910666666666666,0.002179194550490863,0.5644666666666666,0.04451593971701475,0.9111666666666668,0.004999555535800643,0.9127333333333333,0.005658229012293076
0.6166666666666666,0.21757501899089626,0.7823333333333333,0.0483482735529983,0.6686666666666667,0.1603295217842165,0.89,0.005354126134736342,0.3658481551434826,0.049787094802057806,0.9108307219867674,0.004101890820786286,0.9117499838072437,0.0027583289268734556,0.7008666666666666,0.11521013651391775,0.888,0.005334791467339634,0.5552333333333334,0.05268689484956283,0.9124,0.003937003937005938,0.9131999999999999,0.0024752104287648915
0.5766666666666667,0.20503712400982954,0.7643333333333334,0.027450966386551073,0.6366666666666667,0.14176114496653244,0.8916666666666666,0.0041096093353126546,0.3677244389038801,0.050007176191883274,0.9110652226957696,0.002630386146896858,0.9128035434369526,0.003185273896824058,0.6781666666666668,0.10211582748145474,0.8896999999999999,0.003965686153324096,0.5600333333333334,0.05823454492156893,0.9119,0.002824889378365087,0.9136666666666665,0.0031180478223116997
0.6586666666666666,0.11129640105991244,0.7869999999999999,0.02817800560721072,0.7106666666666666,0.053274968064018796,0.8933333333333332,0.002624669291337273,0.43580646939790785,0.12911195890039193,0.9081143985965797,0.0032085855354384084,0.9102560599152555,0.002991214451762498,0.7243333333333334,0.04521130635385601,0.8911666666666666,0.0022528993664954317,0.5740666666666666,0.07766811157454236,0.9089666666666667,0.002719477073916041,0.9110666666666667,0.0027084230754362395
0.7133333333333333,0.09621619175354819,0.8036666666666666,0.025037749277618548,0.7513333333333333,0.04582818152864268,0.8926666666666666,0.0023570226039551605,0.4376854051781627,0.1286591458889957,0.9106988020338829,0.0008729465363985031,0.9112004578998921,0.003383162803178679,0.758,0.038055836170903655,0.8905666666666666,0.0019754043186705115,0.5802333333333333,0.07517314827930405,0.9110999999999999,0.000535412613473713,0.9117333333333333,0.0035490217744549115
0.694,0.08632882871130983,0.7919999999999999,0.019612920911140884,0.7353333333333333,0.03937286149395577,0.8923333333333333,0.002624669291337273,0.4332410544357648,0.13349671022158588,0.9115931452622443,0.0028277816931624555,0.9137642831184403,0.0030148215006903082,0.7387333333333334,0.035145918049690396,0.8905666666666666,0.0023299976156402414,0.5714,0.08295798133191688,0.9121333333333332,0.0025927248643506243,0.9143666666666667,0.0026849374087470497
0.6763333333333333,0.054481393357936635,0.8193333333333334,0.022231109334044055,0.7396666666666666,0.0352357142052713,0.8933333333333332,0.002624669291337273,0.4287359021109712,0.12805294311709153,0.9096233683119994,0.004103416980434006,0.9122241041704418,0.005249602816652553,0.7530000000000001,0.03066800721707667,0.8910333333333335,0.002101322334996657,0.5658666666666666,0.07617612632723078,0.9107,0.003432200460346088,0.9141333333333334,0.004356094071017667
0.6253333333333333,0.06874752520798275,0.8283333333333333,0.021545816814923048,0.711,0.04804858652100671,0.891,0.0037416573867739447,0.4283557253836216,0.12755961255511142,0.9095196624895063,0.003534094115011731,0.9125489785711971,0.004442129786757308,0.7239333333333332,0.04658442753634397,0.8891999999999999,0.0032321303604073166,0.5654666666666667,0.07564902878131058,0.9105666666666666,0.0029101355447622794,0.9142999999999999,0.0036615115275888785
0.6166666666666666,0.05342492135906446,0.8329999999999999,0.01275408431313934,0.7073333333333333,0.03780946383586463,0.8916666666666666,0.004189935029992182,0.42684621752849466,0.12804412001001897,0.908490716776984,0.0038420131904658727,0.9098654037151751,0.0035554945399662377,0.7196333333333333,0.03673666046638183,0.8899333333333334,0.003912657522565603,0.5600999999999999,0.07838958264123283,0.9100999999999999,0.003421500645428407,0.9118333333333334,0.002641127705272076
0.5563333333333332,0.1367487558342752,0.823,0.017568911937472557,0.6546666666666667,0.10365434010316318,0.891,0.0037416573867739447,0.4272949111059632,0.12862947068309374,0.9096564029712324,0.0035408285405314818,0.9132385259841809,0.0039406382166165665,0.6909333333333333,0.07683268980207719,0.8892666666666668,0.0034296096311710886,0.5600666666666666,0.07834493531102628,0.9114666666666668,0.0036817870057290866,0.9153333333333333,0.0033559234529741476
0.5626666666666666,0.1653689477770506,0.8286666666666666,0.00740870359029763,0.6566666666666667,0.12295346906677973,0.8913333333333333,0.0036817870057290905,0.427471885703736,0.1286951209531764,0.9088574091637387,0.004705095852761424,0.9105455484073315,0.0051316871417358655,0.6962,0.10819910658904104,0.8894000000000001,0.0036395970472933407,0.5607333333333333,0.07761702276061756,0.9099666666666666,0.0048582118338153365,0.9120666666666666,0.005063156678945994
0.6053333333333334,0.10656244908763854,0.7983333333333333,0.04721816976075581,0.6793333333333335,0.04723228650921833,0.8903333333333333,0.004189935029992182,0.4268880792155206,0.12924067614270845,0.909871203845996,0.00043244760975529994,0.9121314602094938,0.0019044558538349353,0.7007666666666666,0.03734294519123464,0.8885333333333332,0.004126607430915771,0.5554666666666667,0.0820313896559658,0.9104666666666666,0.0006599663291073717,0.9129,0.0022759613353482847
0.5756666666666667,0.07955850398012497,0.8289999999999998,0.005715476066494088,0.6763333333333333,0.05402057221302105,0.8873333333333333,0.00654896090146284,0.44275354386221205,0.14713152967573434,0.9099320190531687,0.00047390138816914216,0.9108065268660691,0.0028209725608236004,0.7043666666666666,0.043928148404209194,0.8854000000000001,0.006213426322623191,0.5655,0.08940234896242939,0.9108666666666666,0.0007039570693980587,0.9119666666666665,0.002366901396810247
0.637,0.06762149559619832,0.8446666666666666,0.03561210780369823,0.7240000000000001,0.04252842186898857,0.8896666666666667,0.0051854497287013536,0.44292330680327163,0.14686828965707685,0.9097305772848197,0.0038460999004080575,0.9113264203687533,0.0024157443536215978,0.7576333333333333,0.03186244741942402,0.8870666666666667,0.004720404879056671,0.5685333333333333,0.08605615737541515,0.9110333333333335,0.0026284765338287913,0.9123666666666667,0.0019601587237319884
0.6709999999999999,0.05588082557252233,0.8446666666666666,0.031794478905761155,0.747,0.04270831300812523,0.8913333333333334,0.004189935029992182,0.4429240666080176,0.14686745965172585,0.9127408748803519,0.0019783398693453674,0.9125690218277995,0.0011037474006971503,0.7677999999999999,0.02686869305840286,0.8895333333333334,0.003646307112073201,0.5682999999999999,0.08629974893744863,0.9135,0.001496662954709659,0.9137666666666666,0.0006944222218666214
0.636,0.11573533024390897,0.7879999999999999,0.06083310502240262,0.6926666666666668,0.04246043910381625,0.8906666666666666,0.004642796092394711,0.43859430359875184,0.14799368706625662,0.9113680691046763,0.0020090089645122245,0.911872136199229,0.001513909656863839,0.7212333333333333,0.0312633260475522,0.8886666666666668,0.004028509512076222,0.5633,0.08808318038460389,0.9123000000000001,0.001790716802475148,0.9131333333333332,0.0008339997335465037
0.6466666666666666,0.11449987869959612,0.7916666666666666,0.05092041721047549,0.702,0.04315089802078282,0.89,0.0043204937989385775,0.4200113692727769,0.12222008405367676,0.9113676718252068,0.002745616601029203,0.9125774911535723,0.0012646741775116052,0.7265,0.033208533039968284,0.8881,0.0035953673896650194,0.5575333333333333,0.07747198776905687,0.9123,0.003082207001484395,0.9140333333333334,0.0015797327481430485
0.7520000000000001,0.05030573194643594,0.7546666666666667,0.036817870057290904,0.7516666666666666,0.028193773938387363,0.8903333333333333,0.004189935029992182,0.430596541258228,0.13611833093195283,0.9117091122048365,0.002736165750612197,0.9125789090499917,0.004486455905222463,0.7663000000000001,0.010877806151364652,0.8884333333333334,0.003946587837050508,0.5585333333333332,0.07930499493866841,0.9128666666666666,0.001906713286143314,0.9144333333333333,0.0035975300168618464
0.6646666666666667,0.08886819203492075,0.7973333333333333,0.044214125445256616,0.7236666666666668,0.07090055633694908,0.8913333333333334,0.004189935029992182,0.43051661838615884,0.13719951765195076,0.9127496774920271,0.001428664029750562,0.9157943623464475,0.002417088902792336,0.7357666666666667,0.06538972056489885,0.8889333333333335,0.003922867431979972,0.5579,0.08003399277806901,0.9140666666666667,0.00033993463423951785,0.9177333333333334,0.0015173075568987425
0.674,0.0984818088109,0.8119999999999999,0.05710224747474189,0.7346666666666667,0.08141389452803634,0.89,0.00489897948556636,0.43001706907157766,0.13774445612693934,0.9116456575102235,0.0033547432858416033,0.9120787722860833,0.004061838939290572,0.7455333333333334,0.07412153683122209,0.8885333333333335,0.004807170569980666,0.5555666666666667,0.08246734033677952,0.9125666666666666,0.0039969432764995795,0.9134000000000001,0.004035674251803012
0.6276666666666667,0.16441073228013092,0.7826666666666666,0.037985377303495195,0.6843333333333333,0.0946232294711798,0.8906666666666666,0.004642796092394711,0.4342020859584849,0.13330027012381887,0.9134665506337868,0.00248298394970008,0.9156638803819,0.0014796340966459329,0.7011333333333334,0.0831490362074163,0.8885333333333333,0.0039752009033786504,0.5612333333333333,0.07604513279771573,0.9145,0.0029223278392404724,0.9171,0.0020314198646923893
0.6156666666666667,0.06481940724470991,0.7933333333333333,0.034586445643087146,0.6926666666666667,0.05267721413371145,0.89,0.0035590260840104404,0.43430280969659085,0.14304547751754207,0.911251059193019,0.00027871139416136463,0.914242787117508,0.0008508202710457648,0.7171666666666665,0.046327985302862286,0.8879666666666667,0.003503648891592222,0.5587666666666666,0.08766608364825146,0.9123333333333333,0.00033993463423956865,0.9159333333333334,0.0008576453553512811
0.6163333333333333,0.07421739837950546,0.7983333333333332,0.04449968788904279,0.694,0.05838378770400793,0.8913333333333333,0.0036817870057290905,0.4326871256801235,0.14463639800767514,0.9128379806676569,0.0021078627367022863,0.9153419355297688,0.0017103531891655998,0.7170666666666666,0.05274904949117311,0.8895,0.003608323710533801,0.5506333333333334,0.0964636488816153,0.9139333333333335,0.001840893502864431,0.9168666666666665,0.0013424687043735932
0.5586666666666668,0.02927266453346684,0.7886666666666667,0.03472111109333274,0.654,0.031947874212013935,0.8896666666666667,0.004496912521077351,0.4235817752830422,0.12627553182370557,0.9148005834525375,0.0014279573290830348,0.9136502386146875,0.00239224414294851,0.6839666666666666,0.047521597429192264,0.8877666666666667,0.004008601862107132,0.5380666666666667,0.07748575496323319,0.9165,0.000927361849549552,0.9154333333333332,0.002390722810272251
0.551,0.03766519171153474,0.7800000000000001,0.0171075032271418,0.6453333333333334,0.029533408577782277,0.89,0.0035590260840104404,0.4251445435661956,0.1247790707964292,0.9108523958016718,0.001895682873935365,0.9111527483829464,0.0012004774141000604,0.6792666666666666,0.046197643037521045,0.8882333333333333,0.003370789554721889,0.5423,0.07365287955447952,0.9122,0.0023423634787681177,0.9129666666666666,0.001554205763583215
0.5633333333333334,0.02824102610663349,0.8119999999999999,0.029063149634316398,0.665,0.026882460204874576,0.8903333333333333,0.004189935029992182,0.4091707145885561,0.10169487492490674,0.910671673336509,0.004963059111228802,0.9115566840357262,0.005626365802524063,0.6955333333333334,0.04187555638104672,0.8887333333333335,0.0038724095283887176,0.5449666666666667,0.061631070807579576,0.9121666666666668,0.0056239566933688305,0.9140333333333333,0.006467525716136689
0.5946666666666667,0.09659652627754729,0.834,0.03203123475609393,0.6883333333333334,0.0557215298505783,0.891,0.004546060565661956,0.42193642323097097,0.11711064122861113,0.9114669169586467,0.002569610714985639,0.9151064511479782,0.001830580202221501,0.7072666666666666,0.04229943524708367,0.8888000000000001,0.003960639678974491,0.5615666666666667,0.08206324119577262,0.9128666666666668,0.002683695627716027,0.9168666666666668,0.0019362047641943764
0.5693333333333334,0.055089825638577665,0.8063333333333333,0.03151013946159058,0.6659999999999999,0.040406270140495096,0.8913333333333333,0.003399346342395193,0.44927707211193496,0.1258271884659166,0.9119912413889546,0.0012423772781183491,0.9121824565374624,0.002114413059758927,0.6920999999999999,0.03553139456874719,0.8895333333333334,0.002623398982660115,0.5628,0.09275300534214512,0.9131333333333332,0.0018153665072253291,0.9133666666666667,0.002495774206311318
0.5936666666666667,0.03125522178594942,0.7963333333333332,0.012036980056845151,0.6796666666666665,0.02169997439834636,0.8923333333333333,0.0041096093353126546,0.44802593002424335,0.12759657049956533,0.9102918078563192,0.002414679560442599,0.9119365657822968,0.0012450089659068852,0.7111999999999999,0.031994999609313984,0.8904333333333332,0.003660904563386218,0.5551,0.10304843521373822,0.9110333333333333,0.0024087802353518722,0.9128333333333334,0.0020757863302587596
0.5983333333333333,0.04858211833815217,0.8103333333333333,0.004496912521077299,0.6876666666666668,0.032273139846559,0.8916666666666666,0.0041096093353126546,0.4745923571846755,0.14996239167433187,0.91343006813754,0.0021513527277701393,0.912299255869053,0.0018626946824355072,0.7159000000000001,0.03527331380330837,0.8898999999999999,0.0032659863237109073,0.5626666666666666,0.11123142042107025,0.9141333333333334,0.00274023518860869,0.9131666666666668,0.002423954528359695
0.555,0.02545584412271568,0.8193333333333334,0.019154343864744832,0.6606666666666666,0.01347425528760517,0.8906666666666667,0.0041096093353126546,0.4711328009871732,0.13864680724801717,0.9138919922155623,0.003918501767911008,0.913657035115234,0.004102144643905294,0.6855333333333333,0.014803002698401721,0.8888666666666666,0.0037862323694611098,0.5574333333333333,0.09184633301819342,0.9142333333333333,0.004818252334151516,0.9148,0.004833218389437765
0.48333333333333334,0.005557777333511027,0.836,0.0037416573867739447,0.6126666666666667,0.0041096093353126546,0.8923333333333333,0.002867441755680878,0.4736206548958249,0.14113294160788464,0.9145126496157322,0.0018919624022670405,0.9151134020898959,0.002624423642870721,0.6549666666666667,0.023849015819432717,0.8905333333333333,0.0024931015935087775,0.5536666666666666,0.09868651827321138,0.9160666666666666,0.0014429907214609926,0.9164333333333333,0.002916999980954561
0.5053333333333333,0.03772119946248913,0.8220000000000001,0.01512172829628497,0.6246666666666667,0.023893281249943256,0.8923333333333333,0.0020548046676563273,0.4608540380232153,0.1363650655509393,0.9117505228448337,0.005034199899378295,0.9130326099212759,0.005194142834140414,0.6476666666666666,0.02060490772175946,0.8907666666666666,0.001554205763583309,0.5443666666666667,0.09654930807048223,0.9125333333333335,0.0052359865885575705,0.9145,0.005107510809255968
0.634,0.11002121007636059,0.8260000000000001,0.01651262143533441,0.7106666666666666,0.06969616600327135,0.8913333333333333,0.0041096093353126546,0.462021721770808,0.13760273865755038,0.9109527297894239,0.0036325407231246813,0.910554866176731,0.0056820299696937,0.7250666666666667,0.05326414261854675,0.8899,0.0037691732073051386,0.5467333333333334,0.09929250838921443,0.9124333333333333,0.003612324582438386,0.9123666666666667,0.005718585683735295
0.6616666666666666,0.04834827355299832,0.8136666666666666,0.020499322482029035,0.7286666666666667,0.02946561084081273,0.891,0.0037416573867739447,0.42509573488752445,0.10587357487697863,0.9130989205870145,0.003470372709359913,0.9137465031039174,0.002927047710980431,0.7475666666666667,0.008537889408721234,0.8890666666666668,0.0033638602164114736,0.5261333333333332,0.07940114748681038,0.9141,0.0031283648551066095,0.9151333333333332,0.0026637484032009627
0.5453333333333333,0.04142731251508142,0.8119999999999999,0.016872067646458315,0.6506666666666667,0.024608038433722355,0.8936666666666667,0.003399346342395193,0.4263907368096264,0.10783089550041533,0.9112614967291249,0.003226602223571308,0.9128805989662228,0.0016413495796369845,0.6769666666666666,0.039162680648233826,0.8917666666666667,0.00323556623929861,0.5246333333333334,0.07910403838546355,0.9121666666666665,0.003108411527166624,0.9138666666666665,0.0016438437341250115
0.7046666666666667,0.09699599075334105,0.8033333333333333,0.027788886667555083,0.7453333333333333,0.045536310297997956,0.8926666666666666,0.0016996731711975965,0.42643198245014374,0.10777282310605846,0.9142203273877176,0.002294737148692054,0.9122174948592336,0.0032183057257053854,0.7615999999999999,0.020971091213064362,0.8906333333333335,0.0011813363431112413,0.5250333333333334,0.07854210477331391,0.9153333333333332,0.0024308206204672693,0.9134333333333332,0.0029488227406129436
0.6980000000000001,0.09064215354899731,0.8023333333333333,0.027353650985238162,0.742,0.042801869118065376,0.8903333333333333,0.004027681991198194,0.4277500875189985,0.10917719535799882,0.9111890328445328,0.002771679276693145,0.9107844768783706,0.0032301886481324424,0.7458666666666667,0.036267003674904714,0.8885666666666667,0.0035826743580117367,0.5279666666666666,0.08088915598246502,0.9122,0.002758018612458375,0.9123666666666667,0.003145720196641166
0.6786666666666665,0.07128035415799287,0.8106666666666666,0.02853457941204357,0.7356666666666668,0.03796782263385082,0.892,0.0029439202887759515,0.43716278537123054,0.1301743964146968,0.9100737227824004,0.0048920613227159794,0.9112635153959409,0.004530420994894112,0.7418999999999999,0.034249963503630174,0.8902666666666667,0.0030565049030260795,0.5491666666666667,0.10992850201633585,0.9107,0.004744119166575182,0.9119333333333333,0.004488751373031144
0.71,0.03929376540877699,0.815,0.02135415650406259,0.7576666666666667,0.01381625451737515,0.892,0.0032659863237109073,0.42131759580188005,0.12230594580816623,0.9138241578195175,0.003681211467848369,0.9130043809377604,0.0028247779420530364,0.7639999999999999,0.009267505957196205,0.8902333333333333,0.0035122009560324802,0.5317333333333333,0.0972916691648822,0.9143333333333334,0.004028509512076207,0.9134333333333333,0.00270102861065108
0.6696666666666666,0.05718585683735291,0.8276666666666666,0.007039570693980965,0.7393333333333333,0.03842163742245014,0.8929999999999999,0.0021602468994692888,0.41801973532616127,0.1211126401229323,0.9113481692599618,0.0038036870531158165,0.9115160041593402,0.003672980329404821,0.7460666666666667,0.034782211290000226,0.8909666666666668,0.0022365648262954734,0.523,0.09344242434069586,0.9121666666666667,0.003702551672683082,0.9125666666666666,0.0034701905167039584
0.6619999999999999,0.0510163372525573,0.8130000000000001,0.019252705437591503,0.7283333333333334,0.030554141381415944,0.8916666666666666,0.0024944382578492965,0.419288097302507,0.12241442453037248,0.9142149784962261,0.004500335900527789,0.917688216782735,0.004482295339813574,0.7345666666666668,0.027944508504454943,0.8901,0.00259615099714941,0.5239999999999999,0.09445468049105174,0.9145,0.00454386032649177,0.9185333333333334,0.004582818152864256
0.6389999999999999,0.1816278245937738,0.8436666666666666,0.016048537489614313,0.7096666666666667,0.12361858903722994,0.8926666666666666,0.0033993463423951926,0.4171853501545333,0.1252638933408598,0.9136924391696729,0.005030682996323289,0.9146577357270346,0.005644182647380352,0.7313333333333333,0.10080675682821189,0.8908666666666667,0.0033638602164114025,0.5148,0.1070211505575728,0.9146333333333333,0.00469917250398643,0.9157666666666667,0.005572751165766902
0.645,0.06463745044476922,0.8043333333333335,0.02131248981752768,0.715,0.04864154602806123,0.8916666666666666,0.004189935029992182,0.41043470105025737,0.11853010367254078,0.9150707609006733,0.0030389167402737195,0.9159000008760247,0.004610467208695244,0.7276333333333334,0.04244795506133232,0.8897333333333334,0.004135483311805542,0.5100333333333333,0.10244563870116136,0.9158,0.0029223278392405128,0.9168,0.00445944690142928
0.7596666666666666,0.03449959742116166,0.7983333333333333,0.010624918300339495,0.7783333333333333,0.023156472577277896,0.8896666666666667,0.004714045207910321,0.4106558017193425,0.11849879318206068,0.915212652069024,0.003652863233557944,0.9163672929387147,0.003275789349852705,0.7774000000000001,0.029051333876433216,0.8874666666666666,0.004934459330959087,0.5101666666666667,0.10241556956287895,0.9164,0.0030800432897390697,0.9179,0.002839013913315767
0.7313333333333333,0.1000044443456834,0.8146666666666667,0.009843215373488895,0.7666666666666666,0.05540356988097028,0.8876666666666667,0.004988876515698593,0.4200804898943815,0.13193401544553127,0.9141543902882591,0.004180222687844922,0.9132121067047742,0.0043712943845995705,0.7688333333333333,0.044997876493106735,0.8851,0.005404319260246122,0.5160666666666667,0.11973674828092208,0.9149333333333333,0.0038404282168644334,0.9145666666666666,0.0035367907612535963
0.7056666666666667,0.07189962138673303,0.8173333333333334,0.016048537489614257,0.7546666666666666,0.037561800927123974,0.8873333333333333,0.005249338582674546,0.4291641114090235,0.1408932276601264,0.9136779871771536,0.0031986049865655227,0.9147967622003793,0.002684069637356484,0.7704,0.03137865516557391,0.8851666666666667,0.005606147419475276,0.5277,0.12989295592910344,0.9148333333333335,0.003288701195845556,0.916,0.0027531799795872535
0.654,0.056468280181591037,0.8243333333333333,0.022543784558547858,0.7273333333333333,0.02795631512834903,0.8936666666666667,0.0009428090415820641,0.42901932186318953,0.14084425988488447,0.9149787669191891,0.0011415432520131999,0.914427566254366,0.002306266363631446,0.7372,0.0177758262817794,0.8915000000000001,0.0010984838035522893,0.5275333333333333,0.12981654576961893,0.9160999999999998,0.001392838827718373,0.9158000000000001,0.002209072203437527
0.7016666666666667,0.08694953836692992,0.8213333333333334,0.022395436042987736,0.7526666666666667,0.04014418457953229,0.8923333333333333,0.0009428090415820641,0.4229656640400668,0.13287822884670508,0.917031157161098,0.0035702540085866684,0.916707763258974,0.0032598511333980524,0.7576333333333333,0.019840418902387698,0.8901,0.0014165686240584147,0.5252,0.12266330611338777,0.9180666666666667,0.004133064507387006,0.9183666666666666,0.003646307112073106
0.738,0.09296594358509284,0.8176666666666667,0.019567546828585528,0.7716666666666666,0.049276994857866754,0.8933333333333332,0.00047140452079103207,0.4391959133996662,0.13878596850991584,0.9175802781769616,0.002974710381030979,0.9172360803986167,0.0020129992809764293,0.7735666666666668,0.03469642953132527,0.8914000000000001,0.0005354126134736162,0.5355,0.12850535656799167,0.9189999999999999,0.0029810512687082616,0.9188666666666666,0.0013960261060914122
